"Dataset","Series Key","Series","Observation Date","Observation Value","Unit","Observation Status","Observation Status Comment"
"Bank Floating Average Exchange Rates  (PKR per National Currency)","TS_GP_ER_FAERPKR_M.E00220","Average PKR per USD","31-Aug-2026","277.9187406","PKR","Normal",""
"Bank Floating Average Exchange Rates  (PKR per National Currency)","TS_GP_ER_FAERPKR_M.E00220","Average PKR per USD","31-Jul-2026","278.2380682","PKR","Normal",""
"Bank Floating Average Exchange Rates  (PKR per National Currency)","TS_GP_ER_FAERPKR_M.E00220","Average PKR per USD","30-Jun-2026","278.5795536","PKR","Normal",""
"Bank Floating Average Exchange Rates  (PKR per National Currency)","TS_GP_ER_FAERPKR_M.E00220","Average PKR per USD","31-May-2026","278.8445378","PKR","Normal",""
"Bank Floating Average Exchange Rates  (PKR per National Currency)","TS_GP_ER_FAERPKR_M.E00220","Average PKR per USD","30-Apr-2026","279.175974","PKR","Normal",""
"Bank Floating Average Exchange Rates  (PKR per National Currency)","TS_GP_ER_FAERPKR_M.E00220","Average PKR per USD","31-Mar-2026","279.5112857","PKR","Normal",""
"Bank Floating Average Exchange Rates  (PKR per National Currency)","TS_GP_ER_FAERPKR_M.E00220","Average PKR per USD","28-Feb-2026","279.8070073","PKR","Normal",""
"Bank Floating Average Exchange Rates  (PKR per National Currency)","TS_GP_ER_FAERPKR_M.E00220","Average PKR per USD","31-Jan-2026","280.1535223","PKR","Normal",""
"Bank Floating Average Exchange Rates  (PKR per National Currency)","TS_GP_ER_FAERPKR_M.E00220","Average PKR per USD","31-Dec-2025","280.5409602","PKR","Normal",""
"Bank Floating Average Exchange Rates  (PKR per National Currency)","TS_GP_ER_FAERPKR_M.E00220","Average PKR per USD","30-Nov-2025","280.8729821","PKR","Normal",""
"Bank Floating Average Exchange Rates  (PKR per National Currency)","TS_GP_ER_FAERPKR_M.E00220","Average PKR per USD","31-Oct-2025","281.2675932","PKR","Normal",""
"Bank Floating Average Exchange Rates  (PKR per National Currency)","TS_GP_ER_FAERPKR_M.E00220","Average PKR per USD","30-Sep-2025","281.6472727","PKR","Normal",""
"Bank Floating Average Exchange Rates  (PKR per National Currency)","TS_GP_ER_FAERPKR_M.E00220","Average PKR per USD","31-Aug-2025","282.2447321","PKR","Normal",""
"Bank Floating Average Exchange Rates  (PKR per National Currency)","TS_GP_ER_FAERPKR_M.E00220","Average PKR per USD","31-Jul-2025","284.2132955","PKR","Normal",""
"Bank Floating Average Exchange Rates  (PKR per National Currency)","TS_GP_ER_FAERPKR_M.E00220","Average PKR per USD","30-Jun-2025","283.0001359","PKR","Normal",""
"Bank Floating Average Exchange Rates  (PKR per National Currency)","TS_GP_ER_FAERPKR_M.E00220","Average PKR per USD","31-May-2025","281.6662931","PKR","Normal",""
"Bank Floating Average Exchange Rates  (PKR per National Currency)","TS_GP_ER_FAERPKR_M.E00220","Average PKR per USD","30-Apr-2025","281.6662931","PKR","Normal",""
"Bank Floating Average Exchange Rates  (PKR per National Currency)","TS_GP_ER_FAERPKR_M.E00220","Average PKR per USD","31-Mar-2025","280.0836116","PKR","Normal",""
"Bank Floating Average Exchange Rates  (PKR per National Currency)","TS_GP_ER_FAERPKR_M.E00220","Average PKR per USD","28-Feb-2025","279.304265","PKR","Normal",""
"Bank Floating Average Exchange Rates  (PKR per National Currency)","TS_GP_ER_FAERPKR_M.E00220","Average PKR per USD","31-Jan-2025","278.6442633","PKR","Normal",""
"Bank Floating Average Exchange Rates  (PKR per National Currency)","TS_GP_ER_FAERPKR_M.E00220","Average PKR per USD","31-Dec-2024","278.1203612","PKR","Normal",""
"Bank Floating Average Exchange Rates  (PKR per National Currency)","TS_GP_ER_FAERPKR_M.E00220","Average PKR per USD","30-Nov-2024","277.8093268","PKR","Normal",""
"Bank Floating Average Exchange Rates  (PKR per National Currency)","TS_GP_ER_FAERPKR_M.E00220","Average PKR per USD","31-Oct-2024","277.6704048","PKR","Normal",""
"Bank Floating Average Exchange Rates  (PKR per National Currency)","TS_GP_ER_FAERPKR_M.E00220","Average PKR per USD","30-Sep-2024","278.2436207","PKR","Normal",""
"Bank Floating Average Exchange Rates  (PKR per National Currency)","TS_GP_ER_FAERPKR_M.E00220","Average PKR per USD","31-Aug-2024","278.540312","PKR","Normal",""
"Bank Floating Average Exchange Rates  (PKR per National Currency)","TS_GP_ER_FAERPKR_M.E00220","Average PKR per USD","31-Jul-2024","278.3912397","PKR","Normal",""
"Bank Floating Average Exchange Rates  (PKR per National Currency)","TS_GP_ER_FAERPKR_M.E00220","Average PKR per USD","30-Jun-2024","278.4387221","PKR","Normal",""
"Bank Floating Average Exchange Rates  (PKR per National Currency)","TS_GP_ER_FAERPKR_M.E00220","Average PKR per USD","31-May-2024","278.2500821","PKR","Normal",""
"Bank Floating Average Exchange Rates  (PKR per National Currency)","TS_GP_ER_FAERPKR_M.E00220","Average PKR per USD","30-Apr-2024","278.1424501","PKR","Normal",""
"Bank Floating Average Exchange Rates  (PKR per National Currency)","TS_GP_ER_FAERPKR_M.E00220","Average PKR per USD","31-Mar-2024","278.7049655","PKR","Normal",""
"Bank Floating Average Exchange Rates  (PKR per National Currency)","TS_GP_ER_FAERPKR_M.E00220","Average PKR per USD","29-Feb-2024","279.1816697","PKR","Normal",""
"Bank Floating Average Exchange Rates  (PKR per National Currency)","TS_GP_ER_FAERPKR_M.E00220","Average PKR per USD","31-Jan-2024","280.3206113","PKR","Normal",""
"Bank Floating Average Exchange Rates  (PKR per National Currency)","TS_GP_ER_FAERPKR_M.E00220","Average PKR per USD","31-Dec-2023","283.2960707","PKR","Normal",""
"Bank Floating Average Exchange Rates  (PKR per National Currency)","TS_GP_ER_FAERPKR_M.E00220","Average PKR per USD","30-Nov-2023","285.5207225","PKR","Normal",""
"Bank Floating Average Exchange Rates  (PKR per National Currency)","TS_GP_ER_FAERPKR_M.E00220","Average PKR per USD","31-Oct-2023","280.3567571","PKR","Normal",""
"Bank Floating Average Exchange Rates  (PKR per National Currency)","TS_GP_ER_FAERPKR_M.E00220","Average PKR per USD","30-Sep-2023","297.7541724","PKR","Normal",""
"Bank Floating Average Exchange Rates  (PKR per National Currency)","TS_GP_ER_FAERPKR_M.E00220","Average PKR per USD","31-Aug-2023","293.8080564","PKR","Normal",""
"Bank Floating Average Exchange Rates  (PKR per National Currency)","TS_GP_ER_FAERPKR_M.E00220","Average PKR per USD","31-Jul-2023","281.007205","PKR","Normal",""
"Bank Floating Average Exchange Rates  (PKR per National Currency)","TS_GP_ER_FAERPKR_M.E00220","Average PKR per USD","30-Jun-2023","286.5840653","PKR","Normal",""
"Bank Floating Average Exchange Rates  (PKR per National Currency)","TS_GP_ER_FAERPKR_M.E00220","Average PKR per USD","31-May-2023","285.4859718","PKR","Normal",""
"Bank Floating Average Exchange Rates  (PKR per National Currency)","TS_GP_ER_FAERPKR_M.E00220","Average PKR per USD","30-Apr-2023","284.9456592","PKR","Normal",""
"Bank Floating Average Exchange Rates  (PKR per National Currency)","TS_GP_ER_FAERPKR_M.E00220","Average PKR per USD","31-Mar-2023","280.2024795","PKR","Normal",""
"Bank Floating Average Exchange Rates  (PKR per National Currency)","TS_GP_ER_FAERPKR_M.E00220","Average PKR per USD","28-Feb-2023","266.6764367","PKR","Normal",""
"Bank Floating Average Exchange Rates  (PKR per National Currency)","TS_GP_ER_FAERPKR_M.E00220","Average PKR per USD","31-Jan-2023","234.1359524","PKR","Normal",""
"Bank Floating Average Exchange Rates  (PKR per National Currency)","TS_GP_ER_FAERPKR_M.E00220","Average PKR per USD","31-Dec-2022","224.762406","PKR","Normal",""
"Bank Floating Average Exchange Rates  (PKR per National Currency)","TS_GP_ER_FAERPKR_M.E00220","Average PKR per USD","30-Nov-2022","222.3104544","PKR","Normal",""
"Bank Floating Average Exchange Rates  (PKR per National Currency)","TS_GP_ER_FAERPKR_M.E00220","Average PKR per USD","31-Oct-2022","220.57243","PKR","Normal",""
"Bank Floating Average Exchange Rates  (PKR per National Currency)","TS_GP_ER_FAERPKR_M.E00220","Average PKR per USD","30-Sep-2022","230.4658621","PKR","Normal",""
"Bank Floating Average Exchange Rates  (PKR per National Currency)","TS_GP_ER_FAERPKR_M.E00220","Average PKR per USD","31-Aug-2022","220.886305","PKR","Normal",""
"Bank Floating Average Exchange Rates  (PKR per National Currency)","TS_GP_ER_FAERPKR_M.E00220","Average PKR per USD","31-Jul-2022","219.437089","PKR","Normal",""
"Bank Floating Average Exchange Rates  (PKR per National Currency)","TS_GP_ER_FAERPKR_M.E00220","Average PKR per USD","30-Jun-2022","204.367422","PKR","Normal",""
"Bank Floating Average Exchange Rates  (PKR per National Currency)","TS_GP_ER_FAERPKR_M.E00220","Average PKR per USD","31-May-2022","195.500402","PKR","Normal",""
"Bank Floating Average Exchange Rates  (PKR per National Currency)","TS_GP_ER_FAERPKR_M.E00220","Average PKR per USD","30-Apr-2022","184.481334","PKR","Normal",""
"Bank Floating Average Exchange Rates  (PKR per National Currency)","TS_GP_ER_FAERPKR_M.E00220","Average PKR per USD","31-Mar-2022","179.617273","PKR","Normal",""
"Bank Floating Average Exchange Rates  (PKR per National Currency)","TS_GP_ER_FAERPKR_M.E00220","Average PKR per USD","28-Feb-2022","175.482276","PKR","Normal",""
"Bank Floating Average Exchange Rates  (PKR per National Currency)","TS_GP_ER_FAERPKR_M.E00220","Average PKR per USD","31-Jan-2022","176.310845","PKR","Normal",""
"Bank Floating Average Exchange Rates  (PKR per National Currency)","TS_GP_ER_FAERPKR_M.E00220","Average PKR per USD","31-Dec-2021","177.176357","PKR","Normal",""
"Bank Floating Average Exchange Rates  (PKR per National Currency)","TS_GP_ER_FAERPKR_M.E00220","Average PKR per USD","30-Nov-2021","173.025502","PKR","Normal",""
"Bank Floating Average Exchange Rates  (PKR per National Currency)","TS_GP_ER_FAERPKR_M.E00220","Average PKR per USD","31-Oct-2021","171.694793","PKR","Normal",""
"Bank Floating Average Exchange Rates  (PKR per National Currency)","TS_GP_ER_FAERPKR_M.E00220","Average PKR per USD","30-Sep-2021","168.05674","PKR","Normal",""
"Bank Floating Average Exchange Rates  (PKR per National Currency)","TS_GP_ER_FAERPKR_M.E00220","Average PKR per USD","31-Aug-2021","164.099741","PKR","Normal",""
"Bank Floating Average Exchange Rates  (PKR per National Currency)","TS_GP_ER_FAERPKR_M.E00220","Average PKR per USD","31-Jul-2021","159.601571","PKR","Normal",""
"Bank Floating Average Exchange Rates  (PKR per National Currency)","TS_GP_ER_FAERPKR_M.E00220","Average PKR per USD","30-Jun-2021","156.163793","PKR","Normal",""
"Bank Floating Average Exchange Rates  (PKR per National Currency)","TS_GP_ER_FAERPKR_M.E00220","Average PKR per USD","31-May-2021","153.29278","PKR","Normal",""
"Bank Floating Average Exchange Rates  (PKR per National Currency)","TS_GP_ER_FAERPKR_M.E00220","Average PKR per USD","30-Apr-2021","153.076852","PKR","Normal",""
"Bank Floating Average Exchange Rates  (PKR per National Currency)","TS_GP_ER_FAERPKR_M.E00220","Average PKR per USD","31-Mar-2021","156.029765","PKR","Normal",""
"Bank Floating Average Exchange Rates  (PKR per National Currency)","TS_GP_ER_FAERPKR_M.E00220","Average PKR per USD","28-Feb-2021","159.131343","PKR","Normal",""
"Bank Floating Average Exchange Rates  (PKR per National Currency)","TS_GP_ER_FAERPKR_M.E00220","Average PKR per USD","31-Jan-2021","160.153552","PKR","Normal",""
"Bank Floating Average Exchange Rates  (PKR per National Currency)","TS_GP_ER_FAERPKR_M.E00220","Average PKR per USD","31-Dec-2020","160.079514","PKR","Normal",""
"Bank Floating Average Exchange Rates  (PKR per National Currency)","TS_GP_ER_FAERPKR_M.E00220","Average PKR per USD","30-Nov-2020","159.21225","PKR","Normal",""
"Bank Floating Average Exchange Rates  (PKR per National Currency)","TS_GP_ER_FAERPKR_M.E00220","Average PKR per USD","31-Oct-2020","162.799992","PKR","Normal",""
"Bank Floating Average Exchange Rates  (PKR per National Currency)","TS_GP_ER_FAERPKR_M.E00220","Average PKR per USD","30-Sep-2020","165.854091","PKR","Normal",""
"Bank Floating Average Exchange Rates  (PKR per National Currency)","TS_GP_ER_FAERPKR_M.E00220","Average PKR per USD","31-Aug-2020","167.706397","PKR","Normal",""
"Bank Floating Average Exchange Rates  (PKR per National Currency)","TS_GP_ER_FAERPKR_M.E00220","Average PKR per USD","31-Jul-2020","166.762519","PKR","Normal",""
"Bank Floating Average Exchange Rates  (PKR per National Currency)","TS_GP_ER_FAERPKR_M.E00220","Average PKR per USD","30-Jun-2020","165.103864","PKR","Normal",""
"Bank Floating Average Exchange Rates  (PKR per National Currency)","TS_GP_ER_FAERPKR_M.E00220","Average PKR per USD","31-May-2020","160.076694","PKR","Normal",""
"Bank Floating Average Exchange Rates  (PKR per National Currency)","TS_GP_ER_FAERPKR_M.E00220","Average PKR per USD","30-Apr-2020","164.437274","PKR","Normal",""
"Bank Floating Average Exchange Rates  (PKR per National Currency)","TS_GP_ER_FAERPKR_M.E00220","Average PKR per USD","31-Mar-2020","158.44718","PKR","Normal",""
"Bank Floating Average Exchange Rates  (PKR per National Currency)","TS_GP_ER_FAERPKR_M.E00220","Average PKR per USD","29-Feb-2020","154.263358","PKR","Normal",""
"Bank Floating Average Exchange Rates  (PKR per National Currency)","TS_GP_ER_FAERPKR_M.E00220","Average PKR per USD","31-Jan-2020","154.656144","PKR","Normal",""
"Bank Floating Average Exchange Rates  (PKR per National Currency)","TS_GP_ER_FAERPKR_M.E00220","Average PKR per USD","31-Dec-2019","154.920011","PKR","Normal",""
"Bank Floating Average Exchange Rates  (PKR per National Currency)","TS_GP_ER_FAERPKR_M.E00220","Average PKR per USD","30-Nov-2019","155.367457","PKR","Normal",""
"Bank Floating Average Exchange Rates  (PKR per National Currency)","TS_GP_ER_FAERPKR_M.E00220","Average PKR per USD","31-Oct-2019","155.949085","PKR","Normal",""
"Bank Floating Average Exchange Rates  (PKR per National Currency)","TS_GP_ER_FAERPKR_M.E00220","Average PKR per USD","30-Sep-2019","156.176407","PKR","Normal",""
"Bank Floating Average Exchange Rates  (PKR per National Currency)","TS_GP_ER_FAERPKR_M.E00220","Average PKR per USD","31-Aug-2019","158.077024","PKR","Normal",""
"Bank Floating Average Exchange Rates  (PKR per National Currency)","TS_GP_ER_FAERPKR_M.E00220","Average PKR per USD","31-Jul-2019","158.829694","PKR","Normal",""
"Bank Floating Average Exchange Rates  (PKR per National Currency)","TS_GP_ER_FAERPKR_M.E00220","Average PKR per USD","30-Jun-2019","155.249095","PKR","Normal",""
"Bank Floating Average Exchange Rates  (PKR per National Currency)","TS_GP_ER_FAERPKR_M.E00220","Average PKR per USD","31-May-2019","145.69225","PKR","Normal",""
"Bank Floating Average Exchange Rates  (PKR per National Currency)","TS_GP_ER_FAERPKR_M.E00220","Average PKR per USD","30-Apr-2019","141.164561","PKR","Normal",""
"Bank Floating Average Exchange Rates  (PKR per National Currency)","TS_GP_ER_FAERPKR_M.E00220","Average PKR per USD","31-Mar-2019","139.166346","PKR","Normal",""
"Bank Floating Average Exchange Rates  (PKR per National Currency)","TS_GP_ER_FAERPKR_M.E00220","Average PKR per USD","28-Feb-2019","138.530726","PKR","Normal",""
"Bank Floating Average Exchange Rates  (PKR per National Currency)","TS_GP_ER_FAERPKR_M.E00220","Average PKR per USD","31-Jan-2019","138.695078","PKR","Normal",""
"Bank Floating Average Exchange Rates  (PKR per National Currency)","TS_GP_ER_FAERPKR_M.E00220","Average PKR per USD","31-Dec-2018","138.471259","PKR","Normal",""
"Bank Floating Average Exchange Rates  (PKR per National Currency)","TS_GP_ER_FAERPKR_M.E00220","Average PKR per USD","30-Nov-2018","133.504122","PKR","Normal",""
"Bank Floating Average Exchange Rates  (PKR per National Currency)","TS_GP_ER_FAERPKR_M.E00220","Average PKR per USD","31-Oct-2018","130.383058","PKR","Normal",""
"Bank Floating Average Exchange Rates  (PKR per National Currency)","TS_GP_ER_FAERPKR_M.E00220","Average PKR per USD","30-Sep-2018","124.081628","PKR","Normal",""
"Bank Floating Average Exchange Rates  (PKR per National Currency)","TS_GP_ER_FAERPKR_M.E00220","Average PKR per USD","31-Aug-2018","123.789583","PKR","Normal",""
"Bank Floating Average Exchange Rates  (PKR per National Currency)","TS_GP_ER_FAERPKR_M.E00220","Average PKR per USD","31-Jul-2018","124.353414","PKR","Normal",""
"Bank Floating Average Exchange Rates  (PKR per National Currency)","TS_GP_ER_FAERPKR_M.E00220","Average PKR per USD","30-Jun-2018","118.905517","PKR","Normal",""
"Bank Floating Average Exchange Rates  (PKR per National Currency)","TS_GP_ER_FAERPKR_M.E00220","Average PKR per USD","31-May-2018","115.44688","PKR","Normal",""
"Bank Floating Average Exchange Rates  (PKR per National Currency)","TS_GP_ER_FAERPKR_M.E00220","Average PKR per USD","30-Apr-2018","115.421634","PKR","Normal",""
"Bank Floating Average Exchange Rates  (PKR per National Currency)","TS_GP_ER_FAERPKR_M.E00220","Average PKR per USD","31-Mar-2018","112.068851","PKR","Normal",""
"Bank Floating Average Exchange Rates  (PKR per National Currency)","TS_GP_ER_FAERPKR_M.E00220","Average PKR per USD","28-Feb-2018","110.434192","PKR","Normal",""
"Bank Floating Average Exchange Rates  (PKR per National Currency)","TS_GP_ER_FAERPKR_M.E00220","Average PKR per USD","31-Jan-2018","110.403041","PKR","Normal",""
"Bank Floating Average Exchange Rates  (PKR per National Currency)","TS_GP_ER_FAERPKR_M.E00220","Average PKR per USD","31-Dec-2017","108.697368","PKR","Normal",""
"Bank Floating Average Exchange Rates  (PKR per National Currency)","TS_GP_ER_FAERPKR_M.E00220","Average PKR per USD","30-Nov-2017","105.362649","PKR","Normal",""
"Bank Floating Average Exchange Rates  (PKR per National Currency)","TS_GP_ER_FAERPKR_M.E00220","Average PKR per USD","31-Oct-2017","105.33906","PKR","Normal",""
"Bank Floating Average Exchange Rates  (PKR per National Currency)","TS_GP_ER_FAERPKR_M.E00220","Average PKR per USD","30-Sep-2017","105.32069","PKR","Normal",""
"Bank Floating Average Exchange Rates  (PKR per National Currency)","TS_GP_ER_FAERPKR_M.E00220","Average PKR per USD","31-Aug-2017","105.307931","PKR","Normal",""
"Bank Floating Average Exchange Rates  (PKR per National Currency)","TS_GP_ER_FAERPKR_M.E00220","Average PKR per USD","31-Jul-2017","105.424984","PKR","Normal",""
"Bank Floating Average Exchange Rates  (PKR per National Currency)","TS_GP_ER_FAERPKR_M.E00220","Average PKR per USD","30-Jun-2017","104.770211","PKR","Normal",""
"Bank Floating Average Exchange Rates  (PKR per National Currency)","TS_GP_ER_FAERPKR_M.E00220","Average PKR per USD","31-May-2017","104.738087","PKR","Normal",""
"Bank Floating Average Exchange Rates  (PKR per National Currency)","TS_GP_ER_FAERPKR_M.E00220","Average PKR per USD","30-Apr-2017","104.7474","PKR","Normal",""
"Bank Floating Average Exchange Rates  (PKR per National Currency)","TS_GP_ER_FAERPKR_M.E00220","Average PKR per USD","31-Mar-2017","104.741682","PKR","Normal",""
"Bank Floating Average Exchange Rates  (PKR per National Currency)","TS_GP_ER_FAERPKR_M.E00220","Average PKR per USD","28-Feb-2017","104.720417","PKR","Normal",""
"Bank Floating Average Exchange Rates  (PKR per National Currency)","TS_GP_ER_FAERPKR_M.E00220","Average PKR per USD","31-Jan-2017","104.730126","PKR","Normal",""
"Bank Floating Average Exchange Rates  (PKR per National Currency)","TS_GP_ER_FAERPKR_M.E00220","Average PKR per USD","31-Dec-2016","104.72481","PKR","Normal",""
"Bank Floating Average Exchange Rates  (PKR per National Currency)","TS_GP_ER_FAERPKR_M.E00220","Average PKR per USD","30-Nov-2016","104.693531","PKR","Normal",""
"Bank Floating Average Exchange Rates  (PKR per National Currency)","TS_GP_ER_FAERPKR_M.E00220","Average PKR per USD","31-Oct-2016","104.598489","PKR","Normal",""
"Bank Floating Average Exchange Rates  (PKR per National Currency)","TS_GP_ER_FAERPKR_M.E00220","Average PKR per USD","30-Sep-2016","104.539576","PKR","Normal",""
"Bank Floating Average Exchange Rates  (PKR per National Currency)","TS_GP_ER_FAERPKR_M.E00220","Average PKR per USD","31-Aug-2016","104.622119","PKR","Normal",""
"Bank Floating Average Exchange Rates  (PKR per National Currency)","TS_GP_ER_FAERPKR_M.E00220","Average PKR per USD","31-Jul-2016","104.73875","PKR","Normal",""
"Bank Floating Average Exchange Rates  (PKR per National Currency)","TS_GP_ER_FAERPKR_M.E00220","Average PKR per USD","30-Jun-2016","104.586375","PKR","Normal",""
"Bank Floating Average Exchange Rates  (PKR per National Currency)","TS_GP_ER_FAERPKR_M.E00220","Average PKR per USD","31-May-2016","104.678739","PKR","Normal",""
"Bank Floating Average Exchange Rates  (PKR per National Currency)","TS_GP_ER_FAERPKR_M.E00220","Average PKR per USD","30-Apr-2016","104.673794","PKR","Normal",""
"Bank Floating Average Exchange Rates  (PKR per National Currency)","TS_GP_ER_FAERPKR_M.E00220","Average PKR per USD","31-Mar-2016","104.647001","PKR","Normal",""
"Bank Floating Average Exchange Rates  (PKR per National Currency)","TS_GP_ER_FAERPKR_M.E00220","Average PKR per USD","29-Feb-2016","104.623177","PKR","Normal",""
"Bank Floating Average Exchange Rates  (PKR per National Currency)","TS_GP_ER_FAERPKR_M.E00220","Average PKR per USD","31-Jan-2016","104.838848","PKR","Normal",""
"Bank Floating Average Exchange Rates  (PKR per National Currency)","TS_GP_ER_FAERPKR_M.E00220","Average PKR per USD","31-Dec-2015","104.657841","PKR","Normal",""
"Bank Floating Average Exchange Rates  (PKR per National Currency)","TS_GP_ER_FAERPKR_M.E00220","Average PKR per USD","30-Nov-2015","105.372587","PKR","Normal",""
"Bank Floating Average Exchange Rates  (PKR per National Currency)","TS_GP_ER_FAERPKR_M.E00220","Average PKR per USD","31-Oct-2015","104.480661","PKR","Normal",""
"Bank Floating Average Exchange Rates  (PKR per National Currency)","TS_GP_ER_FAERPKR_M.E00220","Average PKR per USD","30-Sep-2015","104.206806","PKR","Normal",""
"Bank Floating Average Exchange Rates  (PKR per National Currency)","TS_GP_ER_FAERPKR_M.E00220","Average PKR per USD","31-Aug-2015","102.336099","PKR","Normal",""
"Bank Floating Average Exchange Rates  (PKR per National Currency)","TS_GP_ER_FAERPKR_M.E00220","Average PKR per USD","31-Jul-2015","101.719449","PKR","Normal",""
"Bank Floating Average Exchange Rates  (PKR per National Currency)","TS_GP_ER_FAERPKR_M.E00220","Average PKR per USD","30-Jun-2015","101.77253","PKR","Normal",""
"Bank Floating Average Exchange Rates  (PKR per National Currency)","TS_GP_ER_FAERPKR_M.E00220","Average PKR per USD","31-May-2015","101.804258","PKR","Normal",""
"Bank Floating Average Exchange Rates  (PKR per National Currency)","TS_GP_ER_FAERPKR_M.E00220","Average PKR per USD","30-Apr-2015","101.700434","PKR","Normal",""
"Bank Floating Average Exchange Rates  (PKR per National Currency)","TS_GP_ER_FAERPKR_M.E00220","Average PKR per USD","31-Mar-2015","101.759752","PKR","Normal",""
"Bank Floating Average Exchange Rates  (PKR per National Currency)","TS_GP_ER_FAERPKR_M.E00220","Average PKR per USD","28-Feb-2015","101.365126","PKR","Normal",""
"Bank Floating Average Exchange Rates  (PKR per National Currency)","TS_GP_ER_FAERPKR_M.E00220","Average PKR per USD","31-Jan-2015","100.683449","PKR","Normal",""
"Bank Floating Average Exchange Rates  (PKR per National Currency)","TS_GP_ER_FAERPKR_M.E00220","Average PKR per USD","31-Dec-2014","100.823395","PKR","Normal",""
"Bank Floating Average Exchange Rates  (PKR per National Currency)","TS_GP_ER_FAERPKR_M.E00220","Average PKR per USD","30-Nov-2014","101.787426","PKR","Normal",""
"Bank Floating Average Exchange Rates  (PKR per National Currency)","TS_GP_ER_FAERPKR_M.E00220","Average PKR per USD","31-Oct-2014","102.753697","PKR","Normal",""
"Bank Floating Average Exchange Rates  (PKR per National Currency)","TS_GP_ER_FAERPKR_M.E00220","Average PKR per USD","30-Sep-2014","102.342495","PKR","Normal",""
"Bank Floating Average Exchange Rates  (PKR per National Currency)","TS_GP_ER_FAERPKR_M.E00220","Average PKR per USD","31-Aug-2014","100.089726","PKR","Normal",""
"Bank Floating Average Exchange Rates  (PKR per National Currency)","TS_GP_ER_FAERPKR_M.E00220","Average PKR per USD","31-Jul-2014","98.654342","PKR","Normal",""
"Bank Floating Average Exchange Rates  (PKR per National Currency)","TS_GP_ER_FAERPKR_M.E00220","Average PKR per USD","30-Jun-2014","98.467899","PKR","Normal",""
"Bank Floating Average Exchange Rates  (PKR per National Currency)","TS_GP_ER_FAERPKR_M.E00220","Average PKR per USD","31-May-2014","98.594713","PKR","Normal",""
"Bank Floating Average Exchange Rates  (PKR per National Currency)","TS_GP_ER_FAERPKR_M.E00220","Average PKR per USD","30-Apr-2014","97.492761","PKR","Normal",""
"Bank Floating Average Exchange Rates  (PKR per National Currency)","TS_GP_ER_FAERPKR_M.E00220","Average PKR per USD","31-Mar-2014","99.977739","PKR","Normal",""
"Bank Floating Average Exchange Rates  (PKR per National Currency)","TS_GP_ER_FAERPKR_M.E00220","Average PKR per USD","28-Feb-2014","105.060519","PKR","Normal",""
"Bank Floating Average Exchange Rates  (PKR per National Currency)","TS_GP_ER_FAERPKR_M.E00220","Average PKR per USD","31-Jan-2014","105.385735","PKR","Normal",""
"Bank Floating Average Exchange Rates  (PKR per National Currency)","TS_GP_ER_FAERPKR_M.E00220","Average PKR per USD","31-Dec-2013","106.970956","PKR","Normal",""
"Bank Floating Average Exchange Rates  (PKR per National Currency)","TS_GP_ER_FAERPKR_M.E00220","Average PKR per USD","30-Nov-2013","107.505379","PKR","Normal",""
"Bank Floating Average Exchange Rates  (PKR per National Currency)","TS_GP_ER_FAERPKR_M.E00220","Average PKR per USD","31-Oct-2013","106.196588","PKR","Normal",""
"Bank Floating Average Exchange Rates  (PKR per National Currency)","TS_GP_ER_FAERPKR_M.E00220","Average PKR per USD","30-Sep-2013","105.248845","PKR","Normal",""
"Bank Floating Average Exchange Rates  (PKR per National Currency)","TS_GP_ER_FAERPKR_M.E00220","Average PKR per USD","31-Aug-2013","102.933057","PKR","Normal",""
"Bank Floating Average Exchange Rates  (PKR per National Currency)","TS_GP_ER_FAERPKR_M.E00220","Average PKR per USD","31-Jul-2013","100.475364","PKR","Normal",""
"Bank Floating Average Exchange Rates  (PKR per National Currency)","TS_GP_ER_FAERPKR_M.E00220","Average PKR per USD","30-Jun-2013","98.579647","PKR","Normal",""
"Bank Floating Average Exchange Rates  (PKR per National Currency)","TS_GP_ER_FAERPKR_M.E00220","Average PKR per USD","31-May-2013","98.373877","PKR","Normal",""
"Bank Floating Average Exchange Rates  (PKR per National Currency)","TS_GP_ER_FAERPKR_M.E00220","Average PKR per USD","30-Apr-2013","98.311858","PKR","Normal",""
"Bank Floating Average Exchange Rates  (PKR per National Currency)","TS_GP_ER_FAERPKR_M.E00220","Average PKR per USD","31-Mar-2013","98.0605","PKR","Normal",""
"Bank Floating Average Exchange Rates  (PKR per National Currency)","TS_GP_ER_FAERPKR_M.E00220","Average PKR per USD","28-Feb-2013","97.968676","PKR","Normal",""
"Bank Floating Average Exchange Rates  (PKR per National Currency)","TS_GP_ER_FAERPKR_M.E00220","Average PKR per USD","31-Jan-2013","97.471975","PKR","Normal",""
"Bank Floating Average Exchange Rates  (PKR per National Currency)","TS_GP_ER_FAERPKR_M.E00220","Average PKR per USD","31-Dec-2012","97.187015","PKR","Normal",""
"Bank Floating Average Exchange Rates  (PKR per National Currency)","TS_GP_ER_FAERPKR_M.E00220","Average PKR per USD","30-Nov-2012","95.992598","PKR","Normal",""
"Bank Floating Average Exchange Rates  (PKR per National Currency)","TS_GP_ER_FAERPKR_M.E00220","Average PKR per USD","31-Oct-2012","95.348718","PKR","Normal",""
"Bank Floating Average Exchange Rates  (PKR per National Currency)","TS_GP_ER_FAERPKR_M.E00220","Average PKR per USD","30-Sep-2012","94.587724","PKR","Normal",""
"Bank Floating Average Exchange Rates  (PKR per National Currency)","TS_GP_ER_FAERPKR_M.E00220","Average PKR per USD","31-Aug-2012","94.465991","PKR","Normal",""
"Bank Floating Average Exchange Rates  (PKR per National Currency)","TS_GP_ER_FAERPKR_M.E00220","Average PKR per USD","31-Jul-2012","94.377875","PKR","Normal",""
"Bank Floating Average Exchange Rates  (PKR per National Currency)","TS_GP_ER_FAERPKR_M.E00220","Average PKR per USD","30-Jun-2012","94.115084","PKR","Normal",""
"Bank Floating Average Exchange Rates  (PKR per National Currency)","TS_GP_ER_FAERPKR_M.E00220","Average PKR per USD","31-May-2012","91.260495","PKR","Normal",""
"Bank Floating Average Exchange Rates  (PKR per National Currency)","TS_GP_ER_FAERPKR_M.E00220","Average PKR per USD","30-Apr-2012","90.634496","PKR","Normal",""
"Bank Floating Average Exchange Rates  (PKR per National Currency)","TS_GP_ER_FAERPKR_M.E00220","Average PKR per USD","31-Mar-2012","90.713522","PKR","Normal",""
"Bank Floating Average Exchange Rates  (PKR per National Currency)","TS_GP_ER_FAERPKR_M.E00220","Average PKR per USD","29-Feb-2012","90.618593","PKR","Normal",""
"Bank Floating Average Exchange Rates  (PKR per National Currency)","TS_GP_ER_FAERPKR_M.E00220","Average PKR per USD","31-Jan-2012","90.135693","PKR","Normal",""
"Bank Floating Average Exchange Rates  (PKR per National Currency)","TS_GP_ER_FAERPKR_M.E00220","Average PKR per USD","31-Dec-2011","89.340197","PKR","Normal",""
"Bank Floating Average Exchange Rates  (PKR per National Currency)","TS_GP_ER_FAERPKR_M.E00220","Average PKR per USD","30-Nov-2011","86.931595","PKR","Normal",""
"Bank Floating Average Exchange Rates  (PKR per National Currency)","TS_GP_ER_FAERPKR_M.E00220","Average PKR per USD","31-Oct-2011","86.965485","PKR","Normal",""
"Bank Floating Average Exchange Rates  (PKR per National Currency)","TS_GP_ER_FAERPKR_M.E00220","Average PKR per USD","30-Sep-2011","87.474433","PKR","Normal",""
"Bank Floating Average Exchange Rates  (PKR per National Currency)","TS_GP_ER_FAERPKR_M.E00220","Average PKR per USD","31-Aug-2011","86.621073","PKR","Normal",""
"Bank Floating Average Exchange Rates  (PKR per National Currency)","TS_GP_ER_FAERPKR_M.E00220","Average PKR per USD","31-Jul-2011","86.020402","PKR","Normal",""
"Bank Floating Average Exchange Rates  (PKR per National Currency)","TS_GP_ER_FAERPKR_M.E00220","Average PKR per USD","30-Jun-2011","85.78588","PKR","Normal",""
"Bank Floating Average Exchange Rates  (PKR per National Currency)","TS_GP_ER_FAERPKR_M.E00220","Average PKR per USD","31-May-2011","85.212223","PKR","Normal",""
"Bank Floating Average Exchange Rates  (PKR per National Currency)","TS_GP_ER_FAERPKR_M.E00220","Average PKR per USD","30-Apr-2011","84.627809","PKR","Normal",""
"Bank Floating Average Exchange Rates  (PKR per National Currency)","TS_GP_ER_FAERPKR_M.E00220","Average PKR per USD","31-Mar-2011","85.338025","PKR","Normal",""
"Bank Floating Average Exchange Rates  (PKR per National Currency)","TS_GP_ER_FAERPKR_M.E00220","Average PKR per USD","28-Feb-2011","85.314098","PKR","Normal",""
"Bank Floating Average Exchange Rates  (PKR per National Currency)","TS_GP_ER_FAERPKR_M.E00220","Average PKR per USD","31-Jan-2011","85.677806","PKR","Normal",""
"Bank Floating Average Exchange Rates  (PKR per National Currency)","TS_GP_ER_FAERPKR_M.E00220","Average PKR per USD","31-Dec-2010","85.707167","PKR","Normal",""
"Bank Floating Average Exchange Rates  (PKR per National Currency)","TS_GP_ER_FAERPKR_M.E00220","Average PKR per USD","30-Nov-2010","85.543962","PKR","Normal",""
"Bank Floating Average Exchange Rates  (PKR per National Currency)","TS_GP_ER_FAERPKR_M.E00220","Average PKR per USD","31-Oct-2010","85.941634","PKR","Normal",""
"Bank Floating Average Exchange Rates  (PKR per National Currency)","TS_GP_ER_FAERPKR_M.E00220","Average PKR per USD","30-Sep-2010","85.761778","PKR","Normal",""
"Bank Floating Average Exchange Rates  (PKR per National Currency)","TS_GP_ER_FAERPKR_M.E00220","Average PKR per USD","31-Aug-2010","85.606997","PKR","Normal",""
"Bank Floating Average Exchange Rates  (PKR per National Currency)","TS_GP_ER_FAERPKR_M.E00220","Average PKR per USD","31-Jul-2010","85.503082","PKR","Normal",""
"Bank Floating Average Exchange Rates  (PKR per National Currency)","TS_GP_ER_FAERPKR_M.E00220","Average PKR per USD","30-Jun-2010","85.284375","PKR","Normal",""
"Bank Floating Average Exchange Rates  (PKR per National Currency)","TS_GP_ER_FAERPKR_M.E00220","Average PKR per USD","31-May-2010","84.331786","PKR","Normal",""
"Bank Floating Average Exchange Rates  (PKR per National Currency)","TS_GP_ER_FAERPKR_M.E00220","Average PKR per USD","30-Apr-2010","83.938573","PKR","Normal",""
"Bank Floating Average Exchange Rates  (PKR per National Currency)","TS_GP_ER_FAERPKR_M.E00220","Average PKR per USD","31-Mar-2010","84.350006","PKR","Normal",""
"Bank Floating Average Exchange Rates  (PKR per National Currency)","TS_GP_ER_FAERPKR_M.E00220","Average PKR per USD","28-Feb-2010","84.899116","PKR","Normal",""
"Bank Floating Average Exchange Rates  (PKR per National Currency)","TS_GP_ER_FAERPKR_M.E00220","Average PKR per USD","31-Jan-2010","84.518436","PKR","Normal",""
"Bank Floating Average Exchange Rates  (PKR per National Currency)","TS_GP_ER_FAERPKR_M.E00220","Average PKR per USD","31-Dec-2009","84.002147","PKR","Normal",""
"Bank Floating Average Exchange Rates  (PKR per National Currency)","TS_GP_ER_FAERPKR_M.E00220","Average PKR per USD","30-Nov-2009","83.454034","PKR","Normal",""
"Bank Floating Average Exchange Rates  (PKR per National Currency)","TS_GP_ER_FAERPKR_M.E00220","Average PKR per USD","31-Oct-2009","83.217567","PKR","Normal",""
"Bank Floating Average Exchange Rates  (PKR per National Currency)","TS_GP_ER_FAERPKR_M.E00220","Average PKR per USD","30-Sep-2009","82.846196","PKR","Normal",""
"Bank Floating Average Exchange Rates  (PKR per National Currency)","TS_GP_ER_FAERPKR_M.E00220","Average PKR per USD","31-Aug-2009","82.771632","PKR","Normal",""
"Bank Floating Average Exchange Rates  (PKR per National Currency)","TS_GP_ER_FAERPKR_M.E00220","Average PKR per USD","31-Jul-2009","82.006197","PKR","Normal",""
"Bank Floating Average Exchange Rates  (PKR per National Currency)","TS_GP_ER_FAERPKR_M.E00220","Average PKR per USD","30-Jun-2009","80.957404","PKR","Normal",""
"Bank Floating Average Exchange Rates  (PKR per National Currency)","TS_GP_ER_FAERPKR_M.E00220","Average PKR per USD","31-May-2009","80.526781","PKR","Normal",""
"Bank Floating Average Exchange Rates  (PKR per National Currency)","TS_GP_ER_FAERPKR_M.E00220","Average PKR per USD","30-Apr-2009","80.395759","PKR","Normal",""
"Bank Floating Average Exchange Rates  (PKR per National Currency)","TS_GP_ER_FAERPKR_M.E00220","Average PKR per USD","31-Mar-2009","80.235527","PKR","Normal",""
"Bank Floating Average Exchange Rates  (PKR per National Currency)","TS_GP_ER_FAERPKR_M.E00220","Average PKR per USD","28-Feb-2009","79.448514","PKR","Normal",""
"Bank Floating Average Exchange Rates  (PKR per National Currency)","TS_GP_ER_FAERPKR_M.E00220","Average PKR per USD","31-Jan-2009","79.08561","PKR","Normal",""
"Bank Floating Average Exchange Rates  (PKR per National Currency)","TS_GP_ER_FAERPKR_M.E00220","Average PKR per USD","31-Dec-2008","78.923756","PKR","Normal",""
"Bank Floating Average Exchange Rates  (PKR per National Currency)","TS_GP_ER_FAERPKR_M.E00220","Average PKR per USD","30-Nov-2008","79.923933","PKR","Normal",""
"Bank Floating Average Exchange Rates  (PKR per National Currency)","TS_GP_ER_FAERPKR_M.E00220","Average PKR per USD","31-Oct-2008","80.433073","PKR","Normal",""
"Bank Floating Average Exchange Rates  (PKR per National Currency)","TS_GP_ER_FAERPKR_M.E00220","Average PKR per USD","30-Sep-2008","77.166756","PKR","Normal",""
"Bank Floating Average Exchange Rates  (PKR per National Currency)","TS_GP_ER_FAERPKR_M.E00220","Average PKR per USD","31-Aug-2008","74.292639","PKR","Normal",""
"Bank Floating Average Exchange Rates  (PKR per National Currency)","TS_GP_ER_FAERPKR_M.E00220","Average PKR per USD","31-Jul-2008","70.589615","PKR","Normal",""
"Bank Floating Average Exchange Rates  (PKR per National Currency)","TS_GP_ER_FAERPKR_M.E00220","Average PKR per USD","30-Jun-2008","67.256293","PKR","Normal",""
"Bank Floating Average Exchange Rates  (PKR per National Currency)","TS_GP_ER_FAERPKR_M.E00220","Average PKR per USD","31-May-2008","67.60094","PKR","Normal",""
"Bank Floating Average Exchange Rates  (PKR per National Currency)","TS_GP_ER_FAERPKR_M.E00220","Average PKR per USD","30-Apr-2008","63.555589","PKR","Normal",""
"Bank Floating Average Exchange Rates  (PKR per National Currency)","TS_GP_ER_FAERPKR_M.E00220","Average PKR per USD","31-Mar-2008","62.750028","PKR","Normal",""
"Bank Floating Average Exchange Rates  (PKR per National Currency)","TS_GP_ER_FAERPKR_M.E00220","Average PKR per USD","29-Feb-2008","62.618509","PKR","Normal",""
"Bank Floating Average Exchange Rates  (PKR per National Currency)","TS_GP_ER_FAERPKR_M.E00220","Average PKR per USD","31-Jan-2008","62.366726","PKR","Normal",""
"Bank Floating Average Exchange Rates  (PKR per National Currency)","TS_GP_ER_FAERPKR_M.E00220","Average PKR per USD","31-Dec-2007","61.179753","PKR","Normal",""
"Bank Floating Average Exchange Rates  (PKR per National Currency)","TS_GP_ER_FAERPKR_M.E00220","Average PKR per USD","30-Nov-2007","61.000254","PKR","Normal",""
"Bank Floating Average Exchange Rates  (PKR per National Currency)","TS_GP_ER_FAERPKR_M.E00220","Average PKR per USD","31-Oct-2007","60.67954","PKR","Normal",""
"Bank Floating Average Exchange Rates  (PKR per National Currency)","TS_GP_ER_FAERPKR_M.E00220","Average PKR per USD","30-Sep-2007","60.637597","PKR","Normal",""
"Bank Floating Average Exchange Rates  (PKR per National Currency)","TS_GP_ER_FAERPKR_M.E00220","Average PKR per USD","31-Aug-2007","60.514486","PKR","Normal",""
"Bank Floating Average Exchange Rates  (PKR per National Currency)","TS_GP_ER_FAERPKR_M.E00220","Average PKR per USD","31-Jul-2007","60.397777","PKR","Normal",""
"Bank Floating Average Exchange Rates  (PKR per National Currency)","TS_GP_ER_FAERPKR_M.E00220","Average PKR per USD","30-Jun-2007","60.625575","PKR","Normal",""
"Bank Floating Average Exchange Rates  (PKR per National Currency)","TS_GP_ER_FAERPKR_M.E00220","Average PKR per USD","31-May-2007","60.671782","PKR","Normal",""
"Bank Floating Average Exchange Rates  (PKR per National Currency)","TS_GP_ER_FAERPKR_M.E00220","Average PKR per USD","30-Apr-2007","60.705211","PKR","Normal",""
"Bank Floating Average Exchange Rates  (PKR per National Currency)","TS_GP_ER_FAERPKR_M.E00220","Average PKR per USD","31-Mar-2007","60.692683","PKR","Normal",""
"Bank Floating Average Exchange Rates  (PKR per National Currency)","TS_GP_ER_FAERPKR_M.E00220","Average PKR per USD","28-Feb-2007","60.732107","PKR","Normal",""
"Bank Floating Average Exchange Rates  (PKR per National Currency)","TS_GP_ER_FAERPKR_M.E00220","Average PKR per USD","31-Jan-2007","60.877954","PKR","Normal",""
"Bank Floating Average Exchange Rates  (PKR per National Currency)","TS_GP_ER_FAERPKR_M.E00220","Average PKR per USD","31-Dec-2006","60.887762","PKR","Normal",""
"Bank Floating Average Exchange Rates  (PKR per National Currency)","TS_GP_ER_FAERPKR_M.E00220","Average PKR per USD","30-Nov-2006","60.728219","PKR","Normal",""
"Bank Floating Average Exchange Rates  (PKR per National Currency)","TS_GP_ER_FAERPKR_M.E00220","Average PKR per USD","31-Oct-2006","60.595929","PKR","Normal",""
"Bank Floating Average Exchange Rates  (PKR per National Currency)","TS_GP_ER_FAERPKR_M.E00220","Average PKR per USD","30-Sep-2006","60.503708","PKR","Normal",""
"Bank Floating Average Exchange Rates  (PKR per National Currency)","TS_GP_ER_FAERPKR_M.E00220","Average PKR per USD","31-Aug-2006","60.318049","PKR","Normal",""
"Bank Floating Average Exchange Rates  (PKR per National Currency)","TS_GP_ER_FAERPKR_M.E00220","Average PKR per USD","31-Jul-2006","60.271084","PKR","Normal",""
"Bank Floating Average Exchange Rates  (PKR per National Currency)","TS_GP_ER_FAERPKR_M.E00220","Average PKR per USD","30-Jun-2006","60.161793","PKR","Normal",""
"Bank Floating Average Exchange Rates  (PKR per National Currency)","TS_GP_ER_FAERPKR_M.E00220","Average PKR per USD","31-May-2006","60.066841","PKR","Normal",""
"Bank Floating Average Exchange Rates  (PKR per National Currency)","TS_GP_ER_FAERPKR_M.E00220","Average PKR per USD","30-Apr-2006","59.997918","PKR","Normal",""
"Bank Floating Average Exchange Rates  (PKR per National Currency)","TS_GP_ER_FAERPKR_M.E00220","Average PKR per USD","31-Mar-2006","60.007008","PKR","Normal",""
"Bank Floating Average Exchange Rates  (PKR per National Currency)","TS_GP_ER_FAERPKR_M.E00220","Average PKR per USD","28-Feb-2006","59.885484","PKR","Normal",""
"Bank Floating Average Exchange Rates  (PKR per National Currency)","TS_GP_ER_FAERPKR_M.E00220","Average PKR per USD","31-Jan-2006","59.839586","PKR","Normal",""
"Bank Floating Average Exchange Rates  (PKR per National Currency)","TS_GP_ER_FAERPKR_M.E00220","Average PKR per USD","31-Dec-2005","59.807552","PKR","Normal",""
"Bank Floating Average Exchange Rates  (PKR per National Currency)","TS_GP_ER_FAERPKR_M.E00220","Average PKR per USD","30-Nov-2005","59.764687","PKR","Normal",""
"Bank Floating Average Exchange Rates  (PKR per National Currency)","TS_GP_ER_FAERPKR_M.E00220","Average PKR per USD","31-Oct-2005","59.710774","PKR","Normal",""
"Bank Floating Average Exchange Rates  (PKR per National Currency)","TS_GP_ER_FAERPKR_M.E00220","Average PKR per USD","30-Sep-2005","59.759277","PKR","Normal",""
"Bank Floating Average Exchange Rates  (PKR per National Currency)","TS_GP_ER_FAERPKR_M.E00220","Average PKR per USD","31-Aug-2005","59.654681","PKR","Normal",""
"Bank Floating Average Exchange Rates  (PKR per National Currency)","TS_GP_ER_FAERPKR_M.E00220","Average PKR per USD","31-Jul-2005","59.623368","PKR","Normal",""
"Bank Floating Average Exchange Rates  (PKR per National Currency)","TS_GP_ER_FAERPKR_M.E00220","Average PKR per USD","30-Jun-2005","59.667318","PKR","Normal",""
"Bank Floating Average Exchange Rates  (PKR per National Currency)","TS_GP_ER_FAERPKR_M.E00220","Average PKR per USD","31-May-2005","59.508145","PKR","Normal",""
"Bank Floating Average Exchange Rates  (PKR per National Currency)","TS_GP_ER_FAERPKR_M.E00220","Average PKR per USD","30-Apr-2005","59.40312","PKR","Normal",""
"Bank Floating Average Exchange Rates  (PKR per National Currency)","TS_GP_ER_FAERPKR_M.E00220","Average PKR per USD","31-Mar-2005","59.352923","PKR","Normal",""
"Bank Floating Average Exchange Rates  (PKR per National Currency)","TS_GP_ER_FAERPKR_M.E00220","Average PKR per USD","28-Feb-2005","59.352472","PKR","Normal",""
"Bank Floating Average Exchange Rates  (PKR per National Currency)","TS_GP_ER_FAERPKR_M.E00220","Average PKR per USD","31-Jan-2005","59.445249","PKR","Normal",""
"Bank Floating Average Exchange Rates  (PKR per National Currency)","TS_GP_ER_FAERPKR_M.E00220","Average PKR per USD","31-Dec-2004","59.547753","PKR","Normal",""
"Bank Floating Average Exchange Rates  (PKR per National Currency)","TS_GP_ER_FAERPKR_M.E00220","Average PKR per USD","30-Nov-2004","59.939261","PKR","Normal",""
"Bank Floating Average Exchange Rates  (PKR per National Currency)","TS_GP_ER_FAERPKR_M.E00220","Average PKR per USD","31-Oct-2004","60.03107","PKR","Normal",""
"Bank Floating Average Exchange Rates  (PKR per National Currency)","TS_GP_ER_FAERPKR_M.E00220","Average PKR per USD","30-Sep-2004","58.97249","PKR","Normal",""
"Bank Floating Average Exchange Rates  (PKR per National Currency)","TS_GP_ER_FAERPKR_M.E00220","Average PKR per USD","31-Aug-2004","58.793357","PKR","Normal",""
"Bank Floating Average Exchange Rates  (PKR per National Currency)","TS_GP_ER_FAERPKR_M.E00220","Average PKR per USD","31-Jul-2004","58.277693","PKR","Normal",""
"Bank Floating Average Exchange Rates  (PKR per National Currency)","TS_GP_ER_FAERPKR_M.E00220","Average PKR per USD","30-Jun-2004","57.916535","PKR","Normal",""
"Bank Floating Average Exchange Rates  (PKR per National Currency)","TS_GP_ER_FAERPKR_M.E00220","Average PKR per USD","31-May-2004","57.675258","PKR","Normal",""
"Bank Floating Average Exchange Rates  (PKR per National Currency)","TS_GP_ER_FAERPKR_M.E00220","Average PKR per USD","30-Apr-2004","57.461595","PKR","Normal",""
"Bank Floating Average Exchange Rates  (PKR per National Currency)","TS_GP_ER_FAERPKR_M.E00220","Average PKR per USD","31-Mar-2004","57.449451","PKR","Normal",""
"Bank Floating Average Exchange Rates  (PKR per National Currency)","TS_GP_ER_FAERPKR_M.E00220","Average PKR per USD","29-Feb-2004","57.360142","PKR","Normal",""
"Bank Floating Average Exchange Rates  (PKR per National Currency)","TS_GP_ER_FAERPKR_M.E00220","Average PKR per USD","31-Jan-2004","57.399258","PKR","Normal",""
"Bank Floating Average Exchange Rates  (PKR per National Currency)","TS_GP_ER_FAERPKR_M.E00220","Average PKR per USD","31-Dec-2003","57.396008","PKR","Normal",""
"Bank Floating Average Exchange Rates  (PKR per National Currency)","TS_GP_ER_FAERPKR_M.E00220","Average PKR per USD","30-Nov-2003","57.334166","PKR","Normal",""
"Bank Floating Average Exchange Rates  (PKR per National Currency)","TS_GP_ER_FAERPKR_M.E00220","Average PKR per USD","31-Oct-2003","57.560907","PKR","Normal",""
"Bank Floating Average Exchange Rates  (PKR per National Currency)","TS_GP_ER_FAERPKR_M.E00220","Average PKR per USD","30-Sep-2003","57.809304","PKR","Normal",""
"Bank Floating Average Exchange Rates  (PKR per National Currency)","TS_GP_ER_FAERPKR_M.E00220","Average PKR per USD","31-Aug-2003","57.787669","PKR","Normal",""
"Bank Floating Average Exchange Rates  (PKR per National Currency)","TS_GP_ER_FAERPKR_M.E00220","Average PKR per USD","31-Jul-2003","57.743214","PKR","Normal",""
"Bank Floating Average Exchange Rates  (PKR per National Currency)","TS_GP_ER_FAERPKR_M.E00220","Average PKR per USD","30-Jun-2003","57.742941","PKR","Normal",""
"Bank Floating Average Exchange Rates  (PKR per National Currency)","TS_GP_ER_FAERPKR_M.E00220","Average PKR per USD","31-May-2003","57.731125","PKR","Normal",""
"Bank Floating Average Exchange Rates  (PKR per National Currency)","TS_GP_ER_FAERPKR_M.E00220","Average PKR per USD","30-Apr-2003","57.775665","PKR","Normal",""
"Bank Floating Average Exchange Rates  (PKR per National Currency)","TS_GP_ER_FAERPKR_M.E00220","Average PKR per USD","31-Mar-2003","57.867508","PKR","Normal",""
"Bank Floating Average Exchange Rates  (PKR per National Currency)","TS_GP_ER_FAERPKR_M.E00220","Average PKR per USD","28-Feb-2003","58.081114","PKR","Normal",""
"Bank Floating Average Exchange Rates  (PKR per National Currency)","TS_GP_ER_FAERPKR_M.E00220","Average PKR per USD","31-Jan-2003","58.18285","PKR","Normal",""
"Bank Floating Average Exchange Rates  (PKR per National Currency)","TS_GP_ER_FAERPKR_M.E00220","Average PKR per USD","31-Dec-2002","58.41618","PKR","Normal",""
"Bank Floating Average Exchange Rates  (PKR per National Currency)","TS_GP_ER_FAERPKR_M.E00220","Average PKR per USD","30-Nov-2002","58.585224","PKR","Normal",""
"Bank Floating Average Exchange Rates  (PKR per National Currency)","TS_GP_ER_FAERPKR_M.E00220","Average PKR per USD","31-Oct-2002","59.052978","PKR","Normal",""
"Bank Floating Average Exchange Rates  (PKR per National Currency)","TS_GP_ER_FAERPKR_M.E00220","Average PKR per USD","30-Sep-2002","59.25782","PKR","Normal",""
"Bank Floating Average Exchange Rates  (PKR per National Currency)","TS_GP_ER_FAERPKR_M.E00220","Average PKR per USD","31-Aug-2002","59.510246","PKR","Normal",""
"Bank Floating Average Exchange Rates  (PKR per National Currency)","TS_GP_ER_FAERPKR_M.E00220","Average PKR per USD","31-Jul-2002","59.790728","PKR","Normal",""
"Bank Floating Average Exchange Rates  (PKR per National Currency)","TS_GP_ER_FAERPKR_M.E00220","Average PKR per USD","30-Jun-2002","60.124585","PKR","Normal",""
"Bank Floating Average Exchange Rates  (PKR per National Currency)","TS_GP_ER_FAERPKR_M.E00220","Average PKR per USD","31-May-2002","60.125321","PKR","Normal",""
"Bank Floating Average Exchange Rates  (PKR per National Currency)","TS_GP_ER_FAERPKR_M.E00220","Average PKR per USD","30-Apr-2002","60.123186","PKR","Normal",""
"Bank Floating Average Exchange Rates  (PKR per National Currency)","TS_GP_ER_FAERPKR_M.E00220","Average PKR per USD","31-Mar-2002","60.101969","PKR","Normal",""
"Bank Floating Average Exchange Rates  (PKR per National Currency)","TS_GP_ER_FAERPKR_M.E00220","Average PKR per USD","28-Feb-2002","60.161108","PKR","Normal",""
"Bank Floating Average Exchange Rates  (PKR per National Currency)","TS_GP_ER_FAERPKR_M.E00220","Average PKR per USD","31-Jan-2002","60.201101","PKR","Normal",""
"Bank Floating Average Exchange Rates  (PKR per National Currency)","TS_GP_ER_FAERPKR_M.E00220","Average PKR per USD","31-Dec-2001","60.583584","PKR","Normal",""
"Bank Floating Average Exchange Rates  (PKR per National Currency)","TS_GP_ER_FAERPKR_M.E00220","Average PKR per USD","30-Nov-2001","61.125505","PKR","Normal",""
"Bank Floating Average Exchange Rates  (PKR per National Currency)","TS_GP_ER_FAERPKR_M.E00220","Average PKR per USD","31-Oct-2001","62.209672","PKR","Normal",""
"Bank Floating Average Exchange Rates  (PKR per National Currency)","TS_GP_ER_FAERPKR_M.E00220","Average PKR per USD","30-Sep-2001","64.147246","PKR","Normal",""
"Bank Floating Average Exchange Rates  (PKR per National Currency)","TS_GP_ER_FAERPKR_M.E00220","Average PKR per USD","31-Aug-2001","64.115654","PKR","Normal",""
"Bank Floating Average Exchange Rates  (PKR per National Currency)","TS_GP_ER_FAERPKR_M.E00220","Average PKR per USD","31-Jul-2001","64.090453","PKR","Normal",""
"Bank Floating Average Exchange Rates  (PKR per National Currency)","TS_GP_ER_FAERPKR_M.E00220","Average PKR per USD","30-Jun-2001","63.401024","PKR","Normal",""
"Bank Floating Average Exchange Rates  (PKR per National Currency)","TS_GP_ER_FAERPKR_M.E00220","Average PKR per USD","31-May-2001","61.829142","PKR","Normal",""
"Bank Floating Average Exchange Rates  (PKR per National Currency)","TS_GP_ER_FAERPKR_M.E00220","Average PKR per USD","30-Apr-2001","61.067335","PKR","Normal",""
"Bank Floating Average Exchange Rates  (PKR per National Currency)","TS_GP_ER_FAERPKR_M.E00220","Average PKR per USD","31-Mar-2001","60.522408","PKR","Normal",""
"Bank Floating Average Exchange Rates  (PKR per National Currency)","TS_GP_ER_FAERPKR_M.E00220","Average PKR per USD","28-Feb-2001","59.620533","PKR","Normal",""
"Bank Floating Average Exchange Rates  (PKR per National Currency)","TS_GP_ER_FAERPKR_M.E00220","Average PKR per USD","31-Jan-2001","59.063854","PKR","Normal",""
"Bank Floating Average Exchange Rates  (PKR per National Currency)","TS_GP_ER_FAERPKR_M.E00220","Average PKR per USD","31-Dec-2000","57.991329","PKR","Normal",""
"Bank Floating Average Exchange Rates  (PKR per National Currency)","TS_GP_ER_FAERPKR_M.E00220","Average PKR per USD","30-Nov-2000","57.003176","PKR","Normal",""
"Bank Floating Average Exchange Rates  (PKR per National Currency)","TS_GP_ER_FAERPKR_M.E00220","Average PKR per USD","31-Oct-2000","58.159064","PKR","Normal",""
"Bank Floating Average Exchange Rates  (PKR per National Currency)","TS_GP_ER_FAERPKR_M.E00220","Average PKR per USD","30-Sep-2000","56.106307","PKR","Normal",""
"Bank Floating Average Exchange Rates  (PKR per National Currency)","TS_GP_ER_FAERPKR_M.E00220","Average PKR per USD","31-Aug-2000","53.982034","PKR","Normal",""
"Bank Floating Average Exchange Rates  (PKR per National Currency)","TS_GP_ER_FAERPKR_M.E00220","Average PKR per USD","31-Jul-2000","52.507528","PKR","Normal",""
"Bank Floating Average Exchange Rates  (PKR per National Currency)","TS_GP_ER_FAERPKR_M.E00220","Average PKR per USD","30-Jun-2000","52.0452","PKR","Normal",""
"Bank Floating Average Exchange Rates  (PKR per National Currency)","TS_GP_ER_FAERPKR_M.E00220","Average PKR per USD","31-May-2000","51.79745","PKR","Normal",""
"Bank Floating Average Exchange Rates  (PKR per National Currency)","TS_GP_ER_FAERPKR_M.E00220","Average PKR per USD","30-Apr-2000","51.791144","PKR","Normal",""
"Bank Floating Average Exchange Rates  (PKR per National Currency)","TS_GP_ER_FAERPKR_M.E00220","Average PKR per USD","31-Mar-2000","51.791234","PKR","Normal",""
"Bank Floating Average Exchange Rates  (PKR per National Currency)","TS_GP_ER_FAERPKR_M.E00220","Average PKR per USD","29-Feb-2000","51.796174","PKR","Normal",""
"Bank Floating Average Exchange Rates  (PKR per National Currency)","TS_GP_ER_FAERPKR_M.E00220","Average PKR per USD","31-Jan-2000","51.770247","PKR","Normal",""
"Bank Floating Average Exchange Rates  (PKR per National Currency)","TS_GP_ER_FAERPKR_M.E00220","Average PKR per USD","31-Dec-1999","51.764705","PKR","Normal",""
"Bank Floating Average Exchange Rates  (PKR per National Currency)","TS_GP_ER_FAERPKR_M.E00220","Average PKR per USD","30-Nov-1999","51.765313","PKR","Normal",""
"Bank Floating Average Exchange Rates  (PKR per National Currency)","TS_GP_ER_FAERPKR_M.E00220","Average PKR per USD","31-Oct-1999","51.753448","PKR","Normal",""
"Bank Floating Average Exchange Rates  (PKR per National Currency)","TS_GP_ER_FAERPKR_M.E00220","Average PKR per USD","30-Sep-1999","51.728354","PKR","Normal",""
"Bank Floating Average Exchange Rates  (PKR per National Currency)","TS_GP_ER_FAERPKR_M.E00220","Average PKR per USD","31-Aug-1999","51.640779","PKR","Normal",""
"Bank Floating Average Exchange Rates  (PKR per National Currency)","TS_GP_ER_FAERPKR_M.E00220","Average PKR per USD","31-Jul-1999","51.606713","PKR","Normal",""
"Bank Floating Average Exchange Rates  (PKR per National Currency)","TS_GP_ER_FAERPKR_M.E00220","Average PKR per USD","30-Jun-1999","51.70171","PKR","Normal",""
"Bank Floating Average Exchange Rates  (PKR per National Currency)","TS_GP_ER_FAERPKR_M.E00220","Average PKR per USD","31-May-1999","48.484769","PKR","Normal",""
"Bank Floating Average Exchange Rates  (PKR per National Currency)","TS_GP_ER_FAERPKR_M.E00220","Average PKR per USD","30-Apr-1999","46.115","PKR","Normal",""
"Bank Floating Average Exchange Rates  (PKR per National Currency)","TS_GP_ER_FAERPKR_M.E00220","Average PKR per USD","31-Mar-1999","46.115","PKR","Normal",""
"Bank Floating Average Exchange Rates  (PKR per National Currency)","TS_GP_ER_FAERPKR_M.E00220","Average PKR per USD","28-Feb-1999","46.115","PKR","Normal",""
"Bank Floating Average Exchange Rates  (PKR per National Currency)","TS_GP_ER_FAERPKR_M.E00220","Average PKR per USD","31-Jan-1999","46.115","PKR","Normal",""
"Bank Floating Average Exchange Rates  (PKR per National Currency)","TS_GP_ER_FAERPKR_M.E00220","Average PKR per USD","31-Dec-1998","46.115","PKR","Normal",""
"Bank Floating Average Exchange Rates  (PKR per National Currency)","TS_GP_ER_FAERPKR_M.E00220","Average PKR per USD","30-Nov-1998","46.115","PKR","Normal",""
"Bank Floating Average Exchange Rates  (PKR per National Currency)","TS_GP_ER_FAERPKR_M.E00220","Average PKR per USD","31-Oct-1998","46.115","PKR","Normal",""
"Bank Floating Average Exchange Rates  (PKR per National Currency)","TS_GP_ER_FAERPKR_M.E00220","Average PKR per USD","30-Sep-1998","46.115","PKR","Normal",""
"Bank Floating Average Exchange Rates  (PKR per National Currency)","TS_GP_ER_FAERPKR_M.E00220","Average PKR per USD","31-Aug-1998","46.115","PKR","Normal",""
"Bank Floating Average Exchange Rates  (PKR per National Currency)","TS_GP_ER_FAERPKR_M.E00220","Average PKR per USD","31-Jul-1998","46.2633","PKR","Normal",""
"Bank Floating Average Exchange Rates  (PKR per National Currency)","TS_GP_ER_FAERPKR_M.E00220","Average PKR per USD","30-Jun-1998","44.59396","PKR","Normal",""
"Bank Floating Average Exchange Rates  (PKR per National Currency)","TS_GP_ER_FAERPKR_M.E00220","Average PKR per USD","31-May-1998","44.160907","PKR","Normal",""
"Bank Floating Average Exchange Rates  (PKR per National Currency)","TS_GP_ER_FAERPKR_M.E00220","Average PKR per USD","30-Apr-1998","44.291123","PKR","Normal",""
"Bank Floating Average Exchange Rates  (PKR per National Currency)","TS_GP_ER_FAERPKR_M.E00220","Average PKR per USD","31-Mar-1998","44.197432","PKR","Normal",""
"Bank Floating Average Exchange Rates  (PKR per National Currency)","TS_GP_ER_FAERPKR_M.E00220","Average PKR per USD","28-Feb-1998","44.1602","PKR","Normal",""
"Bank Floating Average Exchange Rates  (PKR per National Currency)","TS_GP_ER_FAERPKR_M.E00220","Average PKR per USD","31-Jan-1998","44.1602","PKR","Normal",""
"Bank Floating Average Exchange Rates  (PKR per National Currency)","TS_GP_ER_FAERPKR_M.E00220","Average PKR per USD","31-Dec-1997","44.1602","PKR","Normal",""
"Bank Floating Average Exchange Rates  (PKR per National Currency)","TS_GP_ER_FAERPKR_M.E00220","Average PKR per USD","30-Nov-1997","44.1602","PKR","Normal",""
"Bank Floating Average Exchange Rates  (PKR per National Currency)","TS_GP_ER_FAERPKR_M.E00220","Average PKR per USD","31-Oct-1997","42.621548","PKR","Normal",""
"Bank Floating Average Exchange Rates  (PKR per National Currency)","TS_GP_ER_FAERPKR_M.E00220","Average PKR per USD","30-Sep-1997","40.6213","PKR","Normal",""
"Bank Floating Average Exchange Rates  (PKR per National Currency)","TS_GP_ER_FAERPKR_M.E00220","Average PKR per USD","31-Aug-1997","40.6213","PKR","Normal",""
"Bank Floating Average Exchange Rates  (PKR per National Currency)","TS_GP_ER_FAERPKR_M.E00220","Average PKR per USD","31-Jul-1997","40.60125","PKR","Normal",""
"Bank Floating Average Exchange Rates  (PKR per National Currency)","TS_GP_ER_FAERPKR_M.E00220","Average PKR per USD","30-Jun-1997","40.494508","PKR","Normal",""
"Bank Floating Average Exchange Rates  (PKR per National Currency)","TS_GP_ER_FAERPKR_M.E00220","Average PKR per USD","31-May-1997","40.441784","PKR","Normal",""
"Bank Floating Average Exchange Rates  (PKR per National Currency)","TS_GP_ER_FAERPKR_M.E00220","Average PKR per USD","30-Apr-1997","40.25639","PKR","Normal",""
"Bank Floating Average Exchange Rates  (PKR per National Currency)","TS_GP_ER_FAERPKR_M.E00220","Average PKR per USD","31-Mar-1997","40.2203","PKR","Normal",""
"Bank Floating Average Exchange Rates  (PKR per National Currency)","TS_GP_ER_FAERPKR_M.E00220","Average PKR per USD","28-Feb-1997","40.2203","PKR","Normal",""
"Bank Floating Average Exchange Rates  (PKR per National Currency)","TS_GP_ER_FAERPKR_M.E00220","Average PKR per USD","31-Jan-1997","40.2203","PKR","Normal",""
"Bank Floating Average Exchange Rates  (PKR per National Currency)","TS_GP_ER_FAERPKR_M.E00220","Average PKR per USD","31-Dec-1996","40.2203","PKR","Normal",""
"Bank Floating Average Exchange Rates  (PKR per National Currency)","TS_GP_ER_FAERPKR_M.E00220","Average PKR per USD","30-Nov-1996","40.2203","PKR","Normal",""
"Bank Floating Average Exchange Rates  (PKR per National Currency)","TS_GP_ER_FAERPKR_M.E00220","Average PKR per USD","31-Oct-1996","38.160833","PKR","Normal",""
"Bank Floating Average Exchange Rates  (PKR per National Currency)","TS_GP_ER_FAERPKR_M.E00220","Average PKR per USD","30-Sep-1996","36.611317","PKR","Normal",""
"Bank Floating Average Exchange Rates  (PKR per National Currency)","TS_GP_ER_FAERPKR_M.E00220","Average PKR per USD","31-Aug-1996","35.57524","PKR","Normal",""
"Bank Floating Average Exchange Rates  (PKR per National Currency)","TS_GP_ER_FAERPKR_M.E00220","Average PKR per USD","31-Jul-1996","35.282119","PKR","Normal",""
"Bank Floating Average Exchange Rates  (PKR per National Currency)","TS_GP_ER_FAERPKR_M.E00220","Average PKR per USD","30-Jun-1996","35.056967","PKR","Normal",""
"Bank Floating Average Exchange Rates  (PKR per National Currency)","TS_GP_ER_FAERPKR_M.E00220","Average PKR per USD","31-May-1996","34.849605","PKR","Normal",""
"Bank Floating Average Exchange Rates  (PKR per National Currency)","TS_GP_ER_FAERPKR_M.E00220","Average PKR per USD","30-Apr-1996","34.707082","PKR","Normal",""
"Bank Floating Average Exchange Rates  (PKR per National Currency)","TS_GP_ER_FAERPKR_M.E00220","Average PKR per USD","31-Mar-1996","34.571929","PKR","Normal",""
"Bank Floating Average Exchange Rates  (PKR per National Currency)","TS_GP_ER_FAERPKR_M.E00220","Average PKR per USD","29-Feb-1996","34.435336","PKR","Normal",""
"Bank Floating Average Exchange Rates  (PKR per National Currency)","TS_GP_ER_FAERPKR_M.E00220","Average PKR per USD","31-Jan-1996","34.343333","PKR","Normal",""
"Bank Floating Average Exchange Rates  (PKR per National Currency)","TS_GP_ER_FAERPKR_M.E00220","Average PKR per USD","31-Dec-1995","34.3357","PKR","Normal",""
"Bank Floating Average Exchange Rates  (PKR per National Currency)","TS_GP_ER_FAERPKR_M.E00220","Average PKR per USD","30-Nov-1995","34.3357","PKR","Normal",""
"Bank Floating Average Exchange Rates  (PKR per National Currency)","TS_GP_ER_FAERPKR_M.E00220","Average PKR per USD","31-Oct-1995","32.107057","PKR","Normal",""
"Bank Floating Average Exchange Rates  (PKR per National Currency)","TS_GP_ER_FAERPKR_M.E00220","Average PKR per USD","30-Sep-1995","31.518628","PKR","Normal",""
"Bank Floating Average Exchange Rates  (PKR per National Currency)","TS_GP_ER_FAERPKR_M.E00220","Average PKR per USD","31-Aug-1995","31.35631","PKR","Normal",""
"Bank Floating Average Exchange Rates  (PKR per National Currency)","TS_GP_ER_FAERPKR_M.E00220","Average PKR per USD","31-Jul-1995","31.203289","PKR","Normal",""
"Bank Floating Average Exchange Rates  (PKR per National Currency)","TS_GP_ER_FAERPKR_M.E00220","Average PKR per USD","30-Jun-1995","31.051721","PKR","Normal",""
"Bank Floating Average Exchange Rates  (PKR per National Currency)","TS_GP_ER_FAERPKR_M.E00220","Average PKR per USD","31-May-1995","30.9936","PKR","Normal",""
"Bank Floating Average Exchange Rates  (PKR per National Currency)","TS_GP_ER_FAERPKR_M.E00220","Average PKR per USD","30-Apr-1995","30.9505","PKR","Normal",""
"Bank Floating Average Exchange Rates  (PKR per National Currency)","TS_GP_ER_FAERPKR_M.E00220","Average PKR per USD","31-Mar-1995","30.968805","PKR","Normal",""
"Bank Floating Average Exchange Rates  (PKR per National Currency)","TS_GP_ER_FAERPKR_M.E00220","Average PKR per USD","28-Feb-1995","30.9695","PKR","Normal",""
"Bank Floating Average Exchange Rates  (PKR per National Currency)","TS_GP_ER_FAERPKR_M.E00220","Average PKR per USD","31-Jan-1995","30.9188","PKR","Normal",""
"Bank Floating Average Exchange Rates  (PKR per National Currency)","TS_GP_ER_FAERPKR_M.E00220","Average PKR per USD","31-Dec-1994","30.8319","PKR","Normal",""
"Bank Floating Average Exchange Rates  (PKR per National Currency)","TS_GP_ER_FAERPKR_M.E00220","Average PKR per USD","30-Nov-1994","30.7434","PKR","Normal",""
"Bank Floating Average Exchange Rates  (PKR per National Currency)","TS_GP_ER_FAERPKR_M.E00220","Average PKR per USD","31-Oct-1994","30.7267","PKR","Normal",""
"Bank Floating Average Exchange Rates  (PKR per National Currency)","TS_GP_ER_FAERPKR_M.E00220","Average PKR per USD","30-Sep-1994","30.7267","PKR","Normal",""
"Bank Floating Average Exchange Rates  (PKR per National Currency)","TS_GP_ER_FAERPKR_M.E00220","Average PKR per USD","31-Aug-1994","30.6694","PKR","Normal",""
"Bank Floating Average Exchange Rates  (PKR per National Currency)","TS_GP_ER_FAERPKR_M.E00220","Average PKR per USD","31-Jul-1994","30.6694","PKR","Normal",""
"Bank Floating Average Exchange Rates  (PKR per National Currency)","TS_GP_ER_FAERPKR_M.E00220","Average PKR per USD","30-Jun-1994","30.7247","PKR","Normal",""
"Bank Floating Average Exchange Rates  (PKR per National Currency)","TS_GP_ER_FAERPKR_M.E00220","Average PKR per USD","31-May-1994","30.6835","PKR","Normal",""
"Bank Floating Average Exchange Rates  (PKR per National Currency)","TS_GP_ER_FAERPKR_M.E00220","Average PKR per USD","30-Apr-1994","30.6164","PKR","Normal",""
"Bank Floating Average Exchange Rates  (PKR per National Currency)","TS_GP_ER_FAERPKR_M.E00220","Average PKR per USD","31-Mar-1994","30.5736","PKR","Normal",""
"Bank Floating Average Exchange Rates  (PKR per National Currency)","TS_GP_ER_FAERPKR_M.E00220","Average PKR per USD","28-Feb-1994","30.4633","PKR","Normal",""
"Bank Floating Average Exchange Rates  (PKR per National Currency)","TS_GP_ER_FAERPKR_M.E00220","Average PKR per USD","31-Jan-1994","30.291","PKR","Normal",""
"Bank Floating Average Exchange Rates  (PKR per National Currency)","TS_GP_ER_FAERPKR_M.E00220","Average PKR per USD","31-Dec-1993","30.1616","PKR","Normal",""
"Bank Floating Average Exchange Rates  (PKR per National Currency)","TS_GP_ER_FAERPKR_M.E00220","Average PKR per USD","30-Nov-1993","30.1252","PKR","Normal",""
"Bank Floating Average Exchange Rates  (PKR per National Currency)","TS_GP_ER_FAERPKR_M.E00220","Average PKR per USD","31-Oct-1993","30.0903","PKR","Normal",""
"Bank Floating Average Exchange Rates  (PKR per National Currency)","TS_GP_ER_FAERPKR_M.E00220","Average PKR per USD","30-Sep-1993","29.9247","PKR","Normal",""
"Bank Floating Average Exchange Rates  (PKR per National Currency)","TS_GP_ER_FAERPKR_M.E00220","Average PKR per USD","31-Aug-1993","29.9247","PKR","Normal",""
"Bank Floating Average Exchange Rates  (PKR per National Currency)","TS_GP_ER_FAERPKR_M.E00220","Average PKR per USD","31-Jul-1993","28.3871","PKR","Normal",""
"Bank Floating Average Exchange Rates  (PKR per National Currency)","TS_GP_ER_FAERPKR_M.E00220","Average PKR per USD","30-Jun-1993","27.1477","PKR","Normal",""
"Bank Floating Average Exchange Rates  (PKR per National Currency)","TS_GP_ER_FAERPKR_M.E00220","Average PKR per USD","31-May-1993","26.8686","PKR","Normal",""
"Bank Floating Average Exchange Rates  (PKR per National Currency)","TS_GP_ER_FAERPKR_M.E00220","Average PKR per USD","30-Apr-1993","26.7461","PKR","Normal",""
"Bank Floating Average Exchange Rates  (PKR per National Currency)","TS_GP_ER_FAERPKR_M.E00220","Average PKR per USD","31-Mar-1993","26.5855","PKR","Normal",""
"Bank Floating Average Exchange Rates  (PKR per National Currency)","TS_GP_ER_FAERPKR_M.E00220","Average PKR per USD","28-Feb-1993","26.2669","PKR","Normal",""
"Bank Floating Average Exchange Rates  (PKR per National Currency)","TS_GP_ER_FAERPKR_M.E00220","Average PKR per USD","31-Jan-1993","25.9752","PKR","Normal",""
"Bank Floating Average Exchange Rates  (PKR per National Currency)","TS_GP_ER_FAERPKR_M.E00220","Average PKR per USD","31-Dec-1992","25.6933","PKR","Normal",""
"Bank Floating Average Exchange Rates  (PKR per National Currency)","TS_GP_ER_FAERPKR_M.E00220","Average PKR per USD","30-Nov-1992","25.508","PKR","Normal",""
"Bank Floating Average Exchange Rates  (PKR per National Currency)","TS_GP_ER_FAERPKR_M.E00220","Average PKR per USD","31-Oct-1992","25.2044","PKR","Normal",""
"Bank Floating Average Exchange Rates  (PKR per National Currency)","TS_GP_ER_FAERPKR_M.E00220","Average PKR per USD","30-Sep-1992","25.1427","PKR","Normal",""
"Bank Floating Average Exchange Rates  (PKR per National Currency)","TS_GP_ER_FAERPKR_M.E00220","Average PKR per USD","31-Aug-1992","25.1854","PKR","Normal",""
"Bank Floating Average Exchange Rates  (PKR per National Currency)","TS_GP_ER_FAERPKR_M.E00220","Average PKR per USD","31-Jul-1992","25.1929","PKR","Normal",""
"Bank Floating Average Exchange Rates  (PKR per National Currency)","TS_GP_ER_FAERPKR_M.E00220","Average PKR per USD","30-Jun-1992","25.1891","PKR","Normal",""
"Bank Floating Average Exchange Rates  (PKR per National Currency)","TS_GP_ER_FAERPKR_M.E00220","Average PKR per USD","31-May-1992","25.157","PKR","Normal",""
"Bank Floating Average Exchange Rates  (PKR per National Currency)","TS_GP_ER_FAERPKR_M.E00220","Average PKR per USD","30-Apr-1992","25.0865","PKR","Normal",""
"Bank Floating Average Exchange Rates  (PKR per National Currency)","TS_GP_ER_FAERPKR_M.E00220","Average PKR per USD","31-Mar-1992","24.9234","PKR","Normal",""
"Bank Floating Average Exchange Rates  (PKR per National Currency)","TS_GP_ER_FAERPKR_M.E00220","Average PKR per USD","29-Feb-1992","24.7175","PKR","Normal",""
"Bank Floating Average Exchange Rates  (PKR per National Currency)","TS_GP_ER_FAERPKR_M.E00220","Average PKR per USD","31-Jan-1992","24.7548","PKR","Normal",""
"Bank Floating Average Exchange Rates  (PKR per National Currency)","TS_GP_ER_FAERPKR_M.E00220","Average PKR per USD","31-Dec-1991","24.7914","PKR","Normal",""
"Bank Floating Average Exchange Rates  (PKR per National Currency)","TS_GP_ER_FAERPKR_M.E00220","Average PKR per USD","30-Nov-1991","24.7668","PKR","Normal",""
"Bank Floating Average Exchange Rates  (PKR per National Currency)","TS_GP_ER_FAERPKR_M.E00220","Average PKR per USD","31-Oct-1991","24.6804","PKR","Normal",""
"Bank Floating Average Exchange Rates  (PKR per National Currency)","TS_GP_ER_FAERPKR_M.E00220","Average PKR per USD","30-Sep-1991","24.7154","PKR","Normal",""
"Bank Floating Average Exchange Rates  (PKR per National Currency)","TS_GP_ER_FAERPKR_M.E00220","Average PKR per USD","31-Aug-1991","24.7185","PKR","Normal",""
"Bank Floating Average Exchange Rates  (PKR per National Currency)","TS_GP_ER_FAERPKR_M.E00220","Average PKR per USD","31-Jul-1991","24.6281","PKR","Normal",""
"Bank Floating Average Exchange Rates  (PKR per National Currency)","TS_GP_ER_FAERPKR_M.E00220","Average PKR per USD","30-Jun-1991","24.1241","PKR","Normal",""
"Bank Floating Average Exchange Rates  (PKR per National Currency)","TS_GP_ER_FAERPKR_M.E00220","Average PKR per USD","31-May-1991","23.740475","PKR","Normal",""
"Bank Floating Average Exchange Rates  (PKR per National Currency)","TS_GP_ER_FAERPKR_M.E00220","Average PKR per USD","30-Apr-1991","23.2502","PKR","Normal",""
"Bank Floating Average Exchange Rates  (PKR per National Currency)","TS_GP_ER_FAERPKR_M.E00220","Average PKR per USD","31-Mar-1991","22.5604","PKR","Normal",""
"Bank Floating Average Exchange Rates  (PKR per National Currency)","TS_GP_ER_FAERPKR_M.E00220","Average PKR per USD","28-Feb-1991","22.2054","PKR","Normal",""
"Bank Floating Average Exchange Rates  (PKR per National Currency)","TS_GP_ER_FAERPKR_M.E00220","Average PKR per USD","31-Jan-1991","22.1296","PKR","Normal",""
"Bank Floating Average Exchange Rates  (PKR per National Currency)","TS_GP_ER_FAERPKR_M.E00220","Average PKR per USD","31-Dec-1990","21.9099","PKR","Normal",""
"Bank Floating Average Exchange Rates  (PKR per National Currency)","TS_GP_ER_FAERPKR_M.E00220","Average PKR per USD","30-Nov-1990","21.9107","PKR","Normal",""
"Bank Floating Average Exchange Rates  (PKR per National Currency)","TS_GP_ER_FAERPKR_M.E00220","Average PKR per USD","31-Oct-1990","21.844","PKR","Normal",""
"Bank Floating Average Exchange Rates  (PKR per National Currency)","TS_GP_ER_FAERPKR_M.E00220","Average PKR per USD","30-Sep-1990","21.7944","PKR","Normal",""
"Bank Floating Average Exchange Rates  (PKR per National Currency)","TS_GP_ER_FAERPKR_M.E00220","Average PKR per USD","31-Aug-1990","21.8083","PKR","Normal",""
"Bank Floating Average Exchange Rates  (PKR per National Currency)","TS_GP_ER_FAERPKR_M.E00220","Average PKR per USD","31-Jul-1990","21.7944","PKR","Normal",""
"Bank Floating Average Exchange Rates  (PKR per National Currency)","TS_GP_ER_FAERPKR_M.E00220","Average PKR per USD","30-Jun-1990","21.922924","PKR","Normal",""
"Bank Floating Average Exchange Rates  (PKR per National Currency)","TS_GP_ER_FAERPKR_M.E00220","Average PKR per USD","31-May-1990","21.9582","PKR","Normal",""
"Bank Floating Average Exchange Rates  (PKR per National Currency)","TS_GP_ER_FAERPKR_M.E00220","Average PKR per USD","30-Apr-1990","21.7476","PKR","Normal",""
"Bank Floating Average Exchange Rates  (PKR per National Currency)","TS_GP_ER_FAERPKR_M.E00220","Average PKR per USD","31-Mar-1990","21.4815","PKR","Normal",""
"Bank Floating Average Exchange Rates  (PKR per National Currency)","TS_GP_ER_FAERPKR_M.E00220","Average PKR per USD","28-Feb-1990","21.4736","PKR","Normal",""
"Bank Floating Average Exchange Rates  (PKR per National Currency)","TS_GP_ER_FAERPKR_M.E00220","Average PKR per USD","31-Jan-1990","21.4736","PKR","Normal",""
"Bank Floating Average Exchange Rates  (PKR per National Currency)","TS_GP_ER_FAERPKR_M.E00220","Average PKR per USD","31-Dec-1989","21.4385","PKR","Normal",""
"Bank Floating Average Exchange Rates  (PKR per National Currency)","TS_GP_ER_FAERPKR_M.E00220","Average PKR per USD","30-Nov-1989","21.3565","PKR","Normal",""
"Bank Floating Average Exchange Rates  (PKR per National Currency)","TS_GP_ER_FAERPKR_M.E00220","Average PKR per USD","31-Oct-1989","21.1693","PKR","Normal",""
"Bank Floating Average Exchange Rates  (PKR per National Currency)","TS_GP_ER_FAERPKR_M.E00220","Average PKR per USD","30-Sep-1989","21.1101","PKR","Normal",""
"Bank Floating Average Exchange Rates  (PKR per National Currency)","TS_GP_ER_FAERPKR_M.E00220","Average PKR per USD","31-Aug-1989","21.1027","PKR","Normal",""
"Bank Floating Average Exchange Rates  (PKR per National Currency)","TS_GP_ER_FAERPKR_M.E00220","Average PKR per USD","31-Jul-1989","21.1068","PKR","Normal",""
"Bank Floating Average Exchange Rates  (PKR per National Currency)","TS_GP_ER_FAERPKR_M.E00220","Average PKR per USD","30-Jun-1989","21.1528","PKR","Normal",""
"Bank Floating Average Exchange Rates  (PKR per National Currency)","TS_GP_ER_FAERPKR_M.E00220","Average PKR per USD","31-May-1989","20.9414","PKR","Normal",""
"Bank Floating Average Exchange Rates  (PKR per National Currency)","TS_GP_ER_FAERPKR_M.E00220","Average PKR per USD","30-Apr-1989","19.9718","PKR","Normal",""
"Bank Floating Average Exchange Rates  (PKR per National Currency)","TS_GP_ER_FAERPKR_M.E00220","Average PKR per USD","31-Mar-1989","19.5327","PKR","Normal",""
"Bank Floating Average Exchange Rates  (PKR per National Currency)","TS_GP_ER_FAERPKR_M.E00220","Average PKR per USD","28-Feb-1989","19.3274","PKR","Normal",""
"Bank Floating Average Exchange Rates  (PKR per National Currency)","TS_GP_ER_FAERPKR_M.E00220","Average PKR per USD","31-Jan-1989","18.9862","PKR","Normal",""
"Bank Floating Average Exchange Rates  (PKR per National Currency)","TS_GP_ER_FAERPKR_M.E00220","Average PKR per USD","31-Dec-1988","18.7301","PKR","Normal",""
"Bank Floating Average Exchange Rates  (PKR per National Currency)","TS_GP_ER_FAERPKR_M.E00220","Average PKR per USD","30-Nov-1988","18.7285","PKR","Normal",""
"Bank Floating Average Exchange Rates  (PKR per National Currency)","TS_GP_ER_FAERPKR_M.E00220","Average PKR per USD","31-Oct-1988","18.4711","PKR","Normal",""
"Bank Floating Average Exchange Rates  (PKR per National Currency)","TS_GP_ER_FAERPKR_M.E00220","Average PKR per USD","30-Sep-1988","18.3619","PKR","Normal",""
"Bank Floating Average Exchange Rates  (PKR per National Currency)","TS_GP_ER_FAERPKR_M.E00220","Average PKR per USD","31-Aug-1988","18.2606","PKR","Normal",""
"Bank Floating Average Exchange Rates  (PKR per National Currency)","TS_GP_ER_FAERPKR_M.E00220","Average PKR per USD","31-Jul-1988","18.1212","PKR","Normal",""
"Bank Floating Average Exchange Rates  (PKR per National Currency)","TS_GP_ER_FAERPKR_M.E00220","Average PKR per USD","30-Jun-1988","17.8806","PKR","Normal",""
"Bank Floating Average Exchange Rates  (PKR per National Currency)","TS_GP_ER_FAERPKR_M.E00220","Average PKR per USD","31-May-1988","17.6771","PKR","Normal",""
"Bank Floating Average Exchange Rates  (PKR per National Currency)","TS_GP_ER_FAERPKR_M.E00220","Average PKR per USD","30-Apr-1988","17.644","PKR","Normal",""
"Bank Floating Average Exchange Rates  (PKR per National Currency)","TS_GP_ER_FAERPKR_M.E00220","Average PKR per USD","31-Mar-1988","17.6093","PKR","Normal",""
"Bank Floating Average Exchange Rates  (PKR per National Currency)","TS_GP_ER_FAERPKR_M.E00220","Average PKR per USD","29-Feb-1988","17.5779","PKR","Normal",""
"Bank Floating Average Exchange Rates  (PKR per National Currency)","TS_GP_ER_FAERPKR_M.E00220","Average PKR per USD","31-Jan-1988","17.5091","PKR","Normal",""
"Bank Floating Average Exchange Rates  (PKR per National Currency)","TS_GP_ER_FAERPKR_M.E00220","Average PKR per USD","31-Dec-1987","17.4937","PKR","Normal",""
"Bank Floating Average Exchange Rates  (PKR per National Currency)","TS_GP_ER_FAERPKR_M.E00220","Average PKR per USD","30-Nov-1987","17.549","PKR","Normal",""
"Bank Floating Average Exchange Rates  (PKR per National Currency)","TS_GP_ER_FAERPKR_M.E00220","Average PKR per USD","31-Oct-1987","17.5954","PKR","Normal",""
"Bank Floating Average Exchange Rates  (PKR per National Currency)","TS_GP_ER_FAERPKR_M.E00220","Average PKR per USD","30-Sep-1987","17.5638","PKR","Normal",""
"Bank Floating Average Exchange Rates  (PKR per National Currency)","TS_GP_ER_FAERPKR_M.E00220","Average PKR per USD","31-Aug-1987","17.6009","PKR","Normal",""
"Bank Floating Average Exchange Rates  (PKR per National Currency)","TS_GP_ER_FAERPKR_M.E00220","Average PKR per USD","31-Jul-1987","17.4916","PKR","Normal",""
"Bank Floating Average Exchange Rates  (PKR per National Currency)","TS_GP_ER_FAERPKR_M.E00220","Average PKR per USD","30-Jun-1987","17.390617","PKR","Normal",""
"Bank Floating Average Exchange Rates  (PKR per National Currency)","TS_GP_ER_FAERPKR_M.E00220","Average PKR per USD","31-May-1987","17.3433","PKR","Normal",""
"Bank Floating Average Exchange Rates  (PKR per National Currency)","TS_GP_ER_FAERPKR_M.E00220","Average PKR per USD","30-Apr-1987","17.314065","PKR","Normal",""
"Bank Floating Average Exchange Rates  (PKR per National Currency)","TS_GP_ER_FAERPKR_M.E00220","Average PKR per USD","31-Mar-1987","17.316624","PKR","Normal",""
"Bank Floating Average Exchange Rates  (PKR per National Currency)","TS_GP_ER_FAERPKR_M.E00220","Average PKR per USD","28-Feb-1987","17.2578","PKR","Normal",""
"Bank Floating Average Exchange Rates  (PKR per National Currency)","TS_GP_ER_FAERPKR_M.E00220","Average PKR per USD","31-Jan-1987","17.2578","PKR","Normal",""
"Bank Floating Average Exchange Rates  (PKR per National Currency)","TS_GP_ER_FAERPKR_M.E00220","Average PKR per USD","31-Dec-1986","17.2578","PKR","Normal",""
"Bank Floating Average Exchange Rates  (PKR per National Currency)","TS_GP_ER_FAERPKR_M.E00220","Average PKR per USD","30-Nov-1986","17.2578","PKR","Normal",""
"Bank Floating Average Exchange Rates  (PKR per National Currency)","TS_GP_ER_FAERPKR_M.E00220","Average PKR per USD","31-Oct-1986","17.072506","PKR","Normal",""
"Bank Floating Average Exchange Rates  (PKR per National Currency)","TS_GP_ER_FAERPKR_M.E00220","Average PKR per USD","30-Sep-1986","16.997086","PKR","Normal",""
"Bank Floating Average Exchange Rates  (PKR per National Currency)","TS_GP_ER_FAERPKR_M.E00220","Average PKR per USD","31-Aug-1986","16.914467","PKR","Normal",""
"Bank Floating Average Exchange Rates  (PKR per National Currency)","TS_GP_ER_FAERPKR_M.E00220","Average PKR per USD","31-Jul-1986","16.780022","PKR","Normal",""
"Bank Floating Average Exchange Rates  (PKR per National Currency)","TS_GP_ER_FAERPKR_M.E00220","Average PKR per USD","30-Jun-1986","16.9358","PKR","Normal",""
"Bank Floating Average Exchange Rates  (PKR per National Currency)","TS_GP_ER_FAERPKR_M.E00220","Average PKR per USD","31-May-1986","16.547175","PKR","Normal",""
"Bank Floating Average Exchange Rates  (PKR per National Currency)","TS_GP_ER_FAERPKR_M.E00220","Average PKR per USD","30-Apr-1986","16.212244","PKR","Normal",""
"Bank Floating Average Exchange Rates  (PKR per National Currency)","TS_GP_ER_FAERPKR_M.E00220","Average PKR per USD","31-Mar-1986","15.9878","PKR","Normal",""
"Bank Floating Average Exchange Rates  (PKR per National Currency)","TS_GP_ER_FAERPKR_M.E00220","Average PKR per USD","28-Feb-1986","15.9878","PKR","Normal",""
"Bank Floating Average Exchange Rates  (PKR per National Currency)","TS_GP_ER_FAERPKR_M.E00220","Average PKR per USD","31-Jan-1986","15.9878","PKR","Normal",""
"Bank Floating Average Exchange Rates  (PKR per National Currency)","TS_GP_ER_FAERPKR_M.E00220","Average PKR per USD","31-Dec-1985","15.9878","PKR","Normal",""
"Bank Floating Average Exchange Rates  (PKR per National Currency)","TS_GP_ER_FAERPKR_M.E00220","Average PKR per USD","30-Nov-1985","15.9878","PKR","Normal",""
"Bank Floating Average Exchange Rates  (PKR per National Currency)","TS_GP_ER_FAERPKR_M.E00220","Average PKR per USD","31-Oct-1985","16.053911","PKR","Normal",""
"Bank Floating Average Exchange Rates  (PKR per National Currency)","TS_GP_ER_FAERPKR_M.E00220","Average PKR per USD","30-Sep-1985","16.138569","PKR","Normal",""
"Bank Floating Average Exchange Rates  (PKR per National Currency)","TS_GP_ER_FAERPKR_M.E00220","Average PKR per USD","31-Aug-1985","15.9078","PKR","Normal",""
"Bank Floating Average Exchange Rates  (PKR per National Currency)","TS_GP_ER_FAERPKR_M.E00220","Average PKR per USD","31-Jul-1985","16.0078","PKR","Normal",""
"Bank Floating Average Exchange Rates  (PKR per National Currency)","TS_GP_ER_FAERPKR_M.E00220","Average PKR per USD","30-Jun-1985","15.9798","PKR","Normal",""
"Bank Floating Average Exchange Rates  (PKR per National Currency)","TS_GP_ER_FAERPKR_M.E00220","Average PKR per USD","31-May-1985","16.0078","PKR","Normal",""
"Bank Floating Average Exchange Rates  (PKR per National Currency)","TS_GP_ER_FAERPKR_M.E00220","Average PKR per USD","30-Apr-1985","15.924271","PKR","Normal",""
"Bank Floating Average Exchange Rates  (PKR per National Currency)","TS_GP_ER_FAERPKR_M.E00220","Average PKR per USD","31-Mar-1985","16.034859","PKR","Normal",""
"Bank Floating Average Exchange Rates  (PKR per National Currency)","TS_GP_ER_FAERPKR_M.E00220","Average PKR per USD","28-Feb-1985","15.734943","PKR","Normal",""
"Bank Floating Average Exchange Rates  (PKR per National Currency)","TS_GP_ER_FAERPKR_M.E00220","Average PKR per USD","31-Jan-1985","15.474859","PKR","Normal",""
"Bank Floating Average Exchange Rates  (PKR per National Currency)","TS_GP_ER_FAERPKR_M.E00220","Average PKR per USD","31-Dec-1984","15.172086","PKR","Normal",""
"Bank Floating Average Exchange Rates  (PKR per National Currency)","TS_GP_ER_FAERPKR_M.E00220","Average PKR per USD","30-Nov-1984","14.7698","PKR","Normal",""
"Bank Floating Average Exchange Rates  (PKR per National Currency)","TS_GP_ER_FAERPKR_M.E00220","Average PKR per USD","31-Oct-1984","14.545578","PKR","Normal",""
"Bank Floating Average Exchange Rates  (PKR per National Currency)","TS_GP_ER_FAERPKR_M.E00220","Average PKR per USD","30-Sep-1984","14.288514","PKR","Normal",""
"Bank Floating Average Exchange Rates  (PKR per National Currency)","TS_GP_ER_FAERPKR_M.E00220","Average PKR per USD","31-Aug-1984","14.076624","PKR","Normal",""
"Bank Floating Average Exchange Rates  (PKR per National Currency)","TS_GP_ER_FAERPKR_M.E00220","Average PKR per USD","31-Jul-1984","14.067133","PKR","Normal",""
"Bank Floating Average Exchange Rates  (PKR per National Currency)","TS_GP_ER_FAERPKR_M.E00220","Average PKR per USD","30-Jun-1984","13.87905","PKR","Normal",""
"Bank Floating Average Exchange Rates  (PKR per National Currency)","TS_GP_ER_FAERPKR_M.E00220","Average PKR per USD","31-May-1984","13.873452","PKR","Normal",""
"Bank Floating Average Exchange Rates  (PKR per National Currency)","TS_GP_ER_FAERPKR_M.E00220","Average PKR per USD","30-Apr-1984","13.560925","PKR","Normal",""
"Bank Floating Average Exchange Rates  (PKR per National Currency)","TS_GP_ER_FAERPKR_M.E00220","Average PKR per USD","31-Mar-1984","13.349467","PKR","Normal",""
"Bank Floating Average Exchange Rates  (PKR per National Currency)","TS_GP_ER_FAERPKR_M.E00220","Average PKR per USD","29-Feb-1984","13.539807","PKR","Normal",""
"Bank Floating Average Exchange Rates  (PKR per National Currency)","TS_GP_ER_FAERPKR_M.E00220","Average PKR per USD","31-Jan-1984","13.626624","PKR","Normal",""
"Bank Floating Average Exchange Rates  (PKR per National Currency)","TS_GP_ER_FAERPKR_M.E00220","Average PKR per USD","31-Dec-1983","13.427175","PKR","Normal",""
"Bank Floating Average Exchange Rates  (PKR per National Currency)","TS_GP_ER_FAERPKR_M.E00220","Average PKR per USD","30-Nov-1983","13.2378","PKR","Normal",""
"Bank Floating Average Exchange Rates  (PKR per National Currency)","TS_GP_ER_FAERPKR_M.E00220","Average PKR per USD","31-Oct-1983","13.304675","PKR","Normal",""
"Bank Floating Average Exchange Rates  (PKR per National Currency)","TS_GP_ER_FAERPKR_M.E00220","Average PKR per USD","30-Sep-1983","13.3998","PKR","Normal",""
"Bank Floating Average Exchange Rates  (PKR per National Currency)","TS_GP_ER_FAERPKR_M.E00220","Average PKR per USD","31-Aug-1983","13.386689","PKR","Normal",""
"Bank Floating Average Exchange Rates  (PKR per National Currency)","TS_GP_ER_FAERPKR_M.E00220","Average PKR per USD","31-Jul-1983","13.2678","PKR","Normal",""
"Bank Floating Average Exchange Rates  (PKR per National Currency)","TS_GP_ER_FAERPKR_M.E00220","Average PKR per USD","30-Jun-1983","13.0378","PKR","Normal",""
"Bank Floating Average Exchange Rates  (PKR per National Currency)","TS_GP_ER_FAERPKR_M.E00220","Average PKR per USD","31-May-1983","12.9703","PKR","Normal",""
"Bank Floating Average Exchange Rates  (PKR per National Currency)","TS_GP_ER_FAERPKR_M.E00220","Average PKR per USD","30-Apr-1983","12.976035","PKR","Normal",""
"Bank Floating Average Exchange Rates  (PKR per National Currency)","TS_GP_ER_FAERPKR_M.E00220","Average PKR per USD","31-Mar-1983","12.905022","PKR","Normal",""
"Bank Floating Average Exchange Rates  (PKR per National Currency)","TS_GP_ER_FAERPKR_M.E00220","Average PKR per USD","28-Feb-1983","12.898467","PKR","Normal",""
"Bank Floating Average Exchange Rates  (PKR per National Currency)","TS_GP_ER_FAERPKR_M.E00220","Average PKR per USD","31-Jan-1983","12.843094","PKR","Normal",""
"Bank Floating Average Exchange Rates  (PKR per National Currency)","TS_GP_ER_FAERPKR_M.E00220","Average PKR per USD","31-Dec-1982","12.865447","PKR","Normal",""
"Bank Floating Average Exchange Rates  (PKR per National Currency)","TS_GP_ER_FAERPKR_M.E00220","Average PKR per USD","30-Nov-1982","12.4478","PKR","Normal",""
"Bank Floating Average Exchange Rates  (PKR per National Currency)","TS_GP_ER_FAERPKR_M.E00220","Average PKR per USD","31-Oct-1982","12.563514","PKR","Normal",""
"Bank Floating Average Exchange Rates  (PKR per National Currency)","TS_GP_ER_FAERPKR_M.E00220","Average PKR per USD","30-Sep-1982","12.360657","PKR","Normal",""
"Bank Floating Average Exchange Rates  (PKR per National Currency)","TS_GP_ER_FAERPKR_M.E00220","Average PKR per USD","31-Aug-1982","12.268388","PKR","Normal",""
"Bank Floating Average Exchange Rates  (PKR per National Currency)","TS_GP_ER_FAERPKR_M.E00220","Average PKR per USD","31-Jul-1982","12.1698","PKR","Normal",""
"Bank Floating Average Exchange Rates  (PKR per National Currency)","TS_GP_ER_FAERPKR_M.E00220","Average PKR per USD","30-Jun-1982","11.985925","PKR","Normal",""
"Bank Floating Average Exchange Rates  (PKR per National Currency)","TS_GP_ER_FAERPKR_M.E00220","Average PKR per USD","31-May-1982","11.584859","PKR","Normal",""
"Bank Floating Average Exchange Rates  (PKR per National Currency)","TS_GP_ER_FAERPKR_M.E00220","Average PKR per USD","30-Apr-1982","11.66905","PKR","Normal",""
"Bank Floating Average Exchange Rates  (PKR per National Currency)","TS_GP_ER_FAERPKR_M.E00220","Average PKR per USD","31-Mar-1982","11.132506","PKR","Normal",""
"Bank Floating Average Exchange Rates  (PKR per National Currency)","TS_GP_ER_FAERPKR_M.E00220","Average PKR per USD","28-Feb-1982","10.704467","PKR","Normal",""
"Bank Floating Average Exchange Rates  (PKR per National Currency)","TS_GP_ER_FAERPKR_M.E00220","Average PKR per USD","31-Jan-1982","10.250877","PKR","Normal",""
"Bank Floating Average Exchange Rates  (PKR per National Currency)","TS_GP_ER_FAERPKR_M.E00220","Average PKR per USD","31-Dec-1981","9.9078","PKR","Normal",""
"Bank Floating Average Exchange Rates  (PKR per National Currency)","TS_GP_ER_FAERPKR_M.E00220","Average PKR per USD","30-Nov-1981","9.9078","PKR","Normal",""
"Bank Floating Average Exchange Rates  (PKR per National Currency)","TS_GP_ER_FAERPKR_M.E00220","Average PKR per USD","31-Oct-1981","9.9078","PKR","Normal",""
"Bank Floating Average Exchange Rates  (PKR per National Currency)","TS_GP_ER_FAERPKR_M.E00220","Average PKR per USD","30-Sep-1981","9.9078","PKR","Normal",""
"Bank Floating Average Exchange Rates  (PKR per National Currency)","TS_GP_ER_FAERPKR_M.E00220","Average PKR per USD","31-Aug-1981","9.9078","PKR","Normal",""
"Bank Floating Average Exchange Rates  (PKR per National Currency)","TS_GP_ER_FAERPKR_M.E00220","Average PKR per USD","31-Jul-1981","9.9078","PKR","Normal",""
"Bank Floating Average Exchange Rates  (PKR per National Currency)","TS_GP_ER_FAERPKR_M.E00220","Average PKR per USD","30-Jun-1981","9.9078","PKR","Normal",""
"Bank Floating Average Exchange Rates  (PKR per National Currency)","TS_GP_ER_FAERPKR_M.E00220","Average PKR per USD","31-May-1981","9.9078","PKR","Normal",""
"Bank Floating Average Exchange Rates  (PKR per National Currency)","TS_GP_ER_FAERPKR_M.E00220","Average PKR per USD","30-Apr-1981","9.9078","PKR","Normal",""
"Bank Floating Average Exchange Rates  (PKR per National Currency)","TS_GP_ER_FAERPKR_M.E00220","Average PKR per USD","31-Mar-1981","9.9078","PKR","Normal",""
"Bank Floating Average Exchange Rates  (PKR per National Currency)","TS_GP_ER_FAERPKR_M.E00220","Average PKR per USD","28-Feb-1981","9.9078","PKR","Normal",""
"Bank Floating Average Exchange Rates  (PKR per National Currency)","TS_GP_ER_FAERPKR_M.E00220","Average PKR per USD","31-Jan-1981","9.9078","PKR","Normal",""
"Bank Floating Average Exchange Rates  (PKR per National Currency)","TS_GP_ER_FAERPKR_M.E00220","Average PKR per USD","31-Dec-1980","9.9078","PKR","Normal",""
"Bank Floating Average Exchange Rates  (PKR per National Currency)","TS_GP_ER_FAERPKR_M.E00220","Average PKR per USD","30-Nov-1980","9.9078","PKR","Normal",""
"Bank Floating Average Exchange Rates  (PKR per National Currency)","TS_GP_ER_FAERPKR_M.E00220","Average PKR per USD","31-Oct-1980","9.9078","PKR","Normal",""
"Bank Floating Average Exchange Rates  (PKR per National Currency)","TS_GP_ER_FAERPKR_M.E00220","Average PKR per USD","30-Sep-1980","9.9078","PKR","Normal",""
"Bank Floating Average Exchange Rates  (PKR per National Currency)","TS_GP_ER_FAERPKR_M.E00220","Average PKR per USD","31-Aug-1980","9.9078","PKR","Normal",""
"Bank Floating Average Exchange Rates  (PKR per National Currency)","TS_GP_ER_FAERPKR_M.E00220","Average PKR per USD","31-Jul-1980","9.9078","PKR","Normal",""
"Bank Floating Average Exchange Rates  (PKR per National Currency)","TS_GP_ER_FAERPKR_M.E00220","Average PKR per USD","30-Jun-1980","9.9078","PKR","Normal",""
"Bank Floating Average Exchange Rates  (PKR per National Currency)","TS_GP_ER_FAERPKR_M.E00220","Average PKR per USD","31-May-1980","9.9078","PKR","Normal",""
"Bank Floating Average Exchange Rates  (PKR per National Currency)","TS_GP_ER_FAERPKR_M.E00220","Average PKR per USD","30-Apr-1980","9.9078","PKR","Normal",""
"Bank Floating Average Exchange Rates  (PKR per National Currency)","TS_GP_ER_FAERPKR_M.E00220","Average PKR per USD","31-Mar-1980","9.9078","PKR","Normal",""
"Bank Floating Average Exchange Rates  (PKR per National Currency)","TS_GP_ER_FAERPKR_M.E00220","Average PKR per USD","29-Feb-1980","9.9078","PKR","Normal",""
"Bank Floating Average Exchange Rates  (PKR per National Currency)","TS_GP_ER_FAERPKR_M.E00220","Average PKR per USD","31-Jan-1980","9.9078","PKR","Normal",""
"Bank Floating Average Exchange Rates  (PKR per National Currency)","TS_GP_ER_FAERPKR_M.E00220","Average PKR per USD","31-Dec-1979","9.9078","PKR","Normal",""
"Bank Floating Average Exchange Rates  (PKR per National Currency)","TS_GP_ER_FAERPKR_M.E00220","Average PKR per USD","30-Nov-1979","9.9078","PKR","Normal",""
"Bank Floating Average Exchange Rates  (PKR per National Currency)","TS_GP_ER_FAERPKR_M.E00220","Average PKR per USD","31-Oct-1979","9.9078","PKR","Normal",""
"Bank Floating Average Exchange Rates  (PKR per National Currency)","TS_GP_ER_FAERPKR_M.E00220","Average PKR per USD","30-Sep-1979","9.9078","PKR","Normal",""
"Bank Floating Average Exchange Rates  (PKR per National Currency)","TS_GP_ER_FAERPKR_M.E00220","Average PKR per USD","31-Aug-1979","9.9078","PKR","Normal",""
"Bank Floating Average Exchange Rates  (PKR per National Currency)","TS_GP_ER_FAERPKR_M.E00220","Average PKR per USD","31-Jul-1979","9.9078","PKR","Normal",""
"Bank Floating Average Exchange Rates  (PKR per National Currency)","TS_GP_ER_FAERPKR_M.E00220","Average PKR per USD","30-Jun-1979","9.9078","PKR","Normal",""
"Bank Floating Average Exchange Rates  (PKR per National Currency)","TS_GP_ER_FAERPKR_M.E00220","Average PKR per USD","31-May-1979","9.9078","PKR","Normal",""
"Bank Floating Average Exchange Rates  (PKR per National Currency)","TS_GP_ER_FAERPKR_M.E00220","Average PKR per USD","30-Apr-1979","9.9078","PKR","Normal",""
"Bank Floating Average Exchange Rates  (PKR per National Currency)","TS_GP_ER_FAERPKR_M.E00220","Average PKR per USD","31-Mar-1979","9.9078","PKR","Normal",""
"Bank Floating Average Exchange Rates  (PKR per National Currency)","TS_GP_ER_FAERPKR_M.E00220","Average PKR per USD","28-Feb-1979","9.9078","PKR","Normal",""
"Bank Floating Average Exchange Rates  (PKR per National Currency)","TS_GP_ER_FAERPKR_M.E00220","Average PKR per USD","31-Jan-1979","9.9078","PKR","Normal",""
"Bank Floating Average Exchange Rates  (PKR per National Currency)","TS_GP_ER_FAERPKR_M.E00220","Average PKR per USD","31-Dec-1978","9.9078","PKR","Normal",""
"Bank Floating Average Exchange Rates  (PKR per National Currency)","TS_GP_ER_FAERPKR_M.E00220","Average PKR per USD","30-Nov-1978","9.9078","PKR","Normal",""
"Bank Floating Average Exchange Rates  (PKR per National Currency)","TS_GP_ER_FAERPKR_M.E00220","Average PKR per USD","31-Oct-1978","9.9078","PKR","Normal",""
"Bank Floating Average Exchange Rates  (PKR per National Currency)","TS_GP_ER_FAERPKR_M.E00220","Average PKR per USD","30-Sep-1978","9.9078","PKR","Normal",""
"Bank Floating Average Exchange Rates  (PKR per National Currency)","TS_GP_ER_FAERPKR_M.E00220","Average PKR per USD","31-Aug-1978","9.9078","PKR","Normal",""
"Bank Floating Average Exchange Rates  (PKR per National Currency)","TS_GP_ER_FAERPKR_M.E00220","Average PKR per USD","31-Jul-1978","9.9078","PKR","Normal",""
"Bank Floating Average Exchange Rates  (PKR per National Currency)","TS_GP_ER_FAERPKR_M.E00220","Average PKR per USD","30-Jun-1978","9.9078","PKR","Normal",""
"Bank Floating Average Exchange Rates  (PKR per National Currency)","TS_GP_ER_FAERPKR_M.E00220","Average PKR per USD","31-May-1978","9.9078","PKR","Normal",""
"Bank Floating Average Exchange Rates  (PKR per National Currency)","TS_GP_ER_FAERPKR_M.E00220","Average PKR per USD","30-Apr-1978","9.9078","PKR","Normal",""
"Bank Floating Average Exchange Rates  (PKR per National Currency)","TS_GP_ER_FAERPKR_M.E00220","Average PKR per USD","31-Mar-1978","9.9078","PKR","Normal",""
"Bank Floating Average Exchange Rates  (PKR per National Currency)","TS_GP_ER_FAERPKR_M.E00220","Average PKR per USD","28-Feb-1978","9.9078","PKR","Normal",""
"Bank Floating Average Exchange Rates  (PKR per National Currency)","TS_GP_ER_FAERPKR_M.E00220","Average PKR per USD","31-Jan-1978","9.9078","PKR","Normal",""
"Bank Floating Average Exchange Rates  (PKR per National Currency)","TS_GP_ER_FAERPKR_M.E00220","Average PKR per USD","31-Dec-1977","9.9078","PKR","Normal",""
"Bank Floating Average Exchange Rates  (PKR per National Currency)","TS_GP_ER_FAERPKR_M.E00220","Average PKR per USD","30-Nov-1977","9.9078","PKR","Normal",""
"Bank Floating Average Exchange Rates  (PKR per National Currency)","TS_GP_ER_FAERPKR_M.E00220","Average PKR per USD","31-Oct-1977","9.9078","PKR","Normal",""
"Bank Floating Average Exchange Rates  (PKR per National Currency)","TS_GP_ER_FAERPKR_M.E00220","Average PKR per USD","30-Sep-1977","9.9078","PKR","Normal",""
"Bank Floating Average Exchange Rates  (PKR per National Currency)","TS_GP_ER_FAERPKR_M.E00220","Average PKR per USD","31-Aug-1977","9.9078","PKR","Normal",""
"Bank Floating Average Exchange Rates  (PKR per National Currency)","TS_GP_ER_FAERPKR_M.E00220","Average PKR per USD","31-Jul-1977","9.9078","PKR","Normal",""
"Bank Floating Average Exchange Rates  (PKR per National Currency)","TS_GP_ER_FAERPKR_M.E00220","Average PKR per USD","30-Jun-1977","9.9078","PKR","Normal",""
"Bank Floating Average Exchange Rates  (PKR per National Currency)","TS_GP_ER_FAERPKR_M.E00220","Average PKR per USD","31-May-1977","9.9078","PKR","Normal",""
"Bank Floating Average Exchange Rates  (PKR per National Currency)","TS_GP_ER_FAERPKR_M.E00220","Average PKR per USD","30-Apr-1977","9.9078","PKR","Normal",""
"Bank Floating Average Exchange Rates  (PKR per National Currency)","TS_GP_ER_FAERPKR_M.E00220","Average PKR per USD","31-Mar-1977","9.9078","PKR","Normal",""
"Bank Floating Average Exchange Rates  (PKR per National Currency)","TS_GP_ER_FAERPKR_M.E00220","Average PKR per USD","28-Feb-1977","9.9078","PKR","Normal",""
"Bank Floating Average Exchange Rates  (PKR per National Currency)","TS_GP_ER_FAERPKR_M.E00220","Average PKR per USD","31-Jan-1977","9.9078","PKR","Normal",""
"Bank Floating Average Exchange Rates  (PKR per National Currency)","TS_GP_ER_FAERPKR_M.E00220","Average PKR per USD","31-Dec-1976","9.9078","PKR","Normal",""
"Bank Floating Average Exchange Rates  (PKR per National Currency)","TS_GP_ER_FAERPKR_M.E00220","Average PKR per USD","30-Nov-1976","9.9078","PKR","Normal",""
"Bank Floating Average Exchange Rates  (PKR per National Currency)","TS_GP_ER_FAERPKR_M.E00220","Average PKR per USD","31-Oct-1976","9.9078","PKR","Normal",""
"Bank Floating Average Exchange Rates  (PKR per National Currency)","TS_GP_ER_FAERPKR_M.E00220","Average PKR per USD","30-Sep-1976","9.9078","PKR","Normal",""
"Bank Floating Average Exchange Rates  (PKR per National Currency)","TS_GP_ER_FAERPKR_M.E00220","Average PKR per USD","31-Aug-1976","9.9078","PKR","Normal",""
"Bank Floating Average Exchange Rates  (PKR per National Currency)","TS_GP_ER_FAERPKR_M.E00220","Average PKR per USD","31-Jul-1976","9.9078","PKR","Normal",""
"Bank Floating Average Exchange Rates  (PKR per National Currency)","TS_GP_ER_FAERPKR_M.E00220","Average PKR per USD","30-Jun-1976","9.9078","PKR","Normal",""
"Bank Floating Average Exchange Rates  (PKR per National Currency)","TS_GP_ER_FAERPKR_M.E00220","Average PKR per USD","31-May-1976","9.9078","PKR","Normal",""
"Bank Floating Average Exchange Rates  (PKR per National Currency)","TS_GP_ER_FAERPKR_M.E00220","Average PKR per USD","30-Apr-1976","9.9078","PKR","Normal",""
"Bank Floating Average Exchange Rates  (PKR per National Currency)","TS_GP_ER_FAERPKR_M.E00220","Average PKR per USD","31-Mar-1976","9.9078","PKR","Normal",""
"Bank Floating Average Exchange Rates  (PKR per National Currency)","TS_GP_ER_FAERPKR_M.E00220","Average PKR per USD","29-Feb-1976","9.9078","PKR","Normal",""
"Bank Floating Average Exchange Rates  (PKR per National Currency)","TS_GP_ER_FAERPKR_M.E00220","Average PKR per USD","31-Jan-1976","9.9078","PKR","Normal",""
"Bank Floating Average Exchange Rates  (PKR per National Currency)","TS_GP_ER_FAERPKR_M.E00220","Average PKR per USD","31-Dec-1975","9.9078","PKR","Normal",""
"Bank Floating Average Exchange Rates  (PKR per National Currency)","TS_GP_ER_FAERPKR_M.E00220","Average PKR per USD","30-Nov-1975","9.9078","PKR","Normal",""
"Bank Floating Average Exchange Rates  (PKR per National Currency)","TS_GP_ER_FAERPKR_M.E00220","Average PKR per USD","31-Oct-1975","9.9078","PKR","Normal",""
"Bank Floating Average Exchange Rates  (PKR per National Currency)","TS_GP_ER_FAERPKR_M.E00220","Average PKR per USD","30-Sep-1975","9.9078","PKR","Normal",""
"Bank Floating Average Exchange Rates  (PKR per National Currency)","TS_GP_ER_FAERPKR_M.E00220","Average PKR per USD","31-Aug-1975","9.9078","PKR","Normal",""
"Bank Floating Average Exchange Rates  (PKR per National Currency)","TS_GP_ER_FAERPKR_M.E00220","Average PKR per USD","31-Jul-1975","9.9078","PKR","Normal",""
"Bank Floating Average Exchange Rates  (PKR per National Currency)","TS_GP_ER_FAERPKR_M.E00220","Average PKR per USD","30-Jun-1975","9.9078","PKR","Normal",""
"Bank Floating Average Exchange Rates  (PKR per National Currency)","TS_GP_ER_FAERPKR_M.E00220","Average PKR per USD","31-May-1975","9.9078","PKR","Normal",""
"Bank Floating Average Exchange Rates  (PKR per National Currency)","TS_GP_ER_FAERPKR_M.E00220","Average PKR per USD","30-Apr-1975","9.9078","PKR","Normal",""
"Bank Floating Average Exchange Rates  (PKR per National Currency)","TS_GP_ER_FAERPKR_M.E00220","Average PKR per USD","31-Mar-1975","9.9078","PKR","Normal",""
"Bank Floating Average Exchange Rates  (PKR per National Currency)","TS_GP_ER_FAERPKR_M.E00220","Average PKR per USD","28-Feb-1975","9.9078","PKR","Normal",""
"Bank Floating Average Exchange Rates  (PKR per National Currency)","TS_GP_ER_FAERPKR_M.E00220","Average PKR per USD","31-Jan-1975","9.9078","PKR","Normal",""
"Bank Floating Average Exchange Rates  (PKR per National Currency)","TS_GP_ER_FAERPKR_M.E00220","Average PKR per USD","31-Dec-1974","9.9078","PKR","Normal",""
"Bank Floating Average Exchange Rates  (PKR per National Currency)","TS_GP_ER_FAERPKR_M.E00220","Average PKR per USD","30-Nov-1974","9.9078","PKR","Normal",""
"Bank Floating Average Exchange Rates  (PKR per National Currency)","TS_GP_ER_FAERPKR_M.E00220","Average PKR per USD","31-Oct-1974","9.9078","PKR","Normal",""
"Bank Floating Average Exchange Rates  (PKR per National Currency)","TS_GP_ER_FAERPKR_M.E00220","Average PKR per USD","30-Sep-1974","9.9078","PKR","Normal",""
"Bank Floating Average Exchange Rates  (PKR per National Currency)","TS_GP_ER_FAERPKR_M.E00220","Average PKR per USD","31-Aug-1974","9.9078","PKR","Normal",""
"Bank Floating Average Exchange Rates  (PKR per National Currency)","TS_GP_ER_FAERPKR_M.E00220","Average PKR per USD","31-Jul-1974","9.9078","PKR","Normal",""
"Bank Floating Average Exchange Rates  (PKR per National Currency)","TS_GP_ER_FAERPKR_M.E00220","Average PKR per USD","30-Jun-1974","9.9078","PKR","Normal",""
"Bank Floating Average Exchange Rates  (PKR per National Currency)","TS_GP_ER_FAERPKR_M.E00220","Average PKR per USD","31-May-1974","9.9078","PKR","Normal",""
"Bank Floating Average Exchange Rates  (PKR per National Currency)","TS_GP_ER_FAERPKR_M.E00220","Average PKR per USD","30-Apr-1974","9.9078","PKR","Normal",""
"Bank Floating Average Exchange Rates  (PKR per National Currency)","TS_GP_ER_FAERPKR_M.E00220","Average PKR per USD","31-Mar-1974","9.9078","PKR","Normal",""
"Bank Floating Average Exchange Rates  (PKR per National Currency)","TS_GP_ER_FAERPKR_M.E00220","Average PKR per USD","28-Feb-1974","9.9078","PKR","Normal",""
"Bank Floating Average Exchange Rates  (PKR per National Currency)","TS_GP_ER_FAERPKR_M.E00220","Average PKR per USD","31-Jan-1974","9.9078","PKR","Normal",""
"Bank Floating Average Exchange Rates  (PKR per National Currency)","TS_GP_ER_FAERPKR_M.E00220","Average PKR per USD","31-Dec-1973","9.9078","PKR","Normal",""
"Bank Floating Average Exchange Rates  (PKR per National Currency)","TS_GP_ER_FAERPKR_M.E00220","Average PKR per USD","30-Nov-1973","9.9078","PKR","Normal",""
"Bank Floating Average Exchange Rates  (PKR per National Currency)","TS_GP_ER_FAERPKR_M.E00220","Average PKR per USD","31-Oct-1973","9.9078","PKR","Normal",""
"Bank Floating Average Exchange Rates  (PKR per National Currency)","TS_GP_ER_FAERPKR_M.E00220","Average PKR per USD","30-Sep-1973","9.9078","PKR","Normal",""
"Bank Floating Average Exchange Rates  (PKR per National Currency)","TS_GP_ER_FAERPKR_M.E00220","Average PKR per USD","31-Aug-1973","9.9078","PKR","Normal",""
"Bank Floating Average Exchange Rates  (PKR per National Currency)","TS_GP_ER_FAERPKR_M.E00220","Average PKR per USD","31-Jul-1973","9.9078","PKR","Normal",""
"Bank Floating Average Exchange Rates  (PKR per National Currency)","TS_GP_ER_FAERPKR_M.E00220","Average PKR per USD","30-Jun-1973","9.9078","PKR","Normal",""
"Bank Floating Average Exchange Rates  (PKR per National Currency)","TS_GP_ER_FAERPKR_M.E00220","Average PKR per USD","31-May-1973","9.9078","PKR","Normal",""
"Bank Floating Average Exchange Rates  (PKR per National Currency)","TS_GP_ER_FAERPKR_M.E00220","Average PKR per USD","30-Apr-1973","9.9078","PKR","Normal",""
"Bank Floating Average Exchange Rates  (PKR per National Currency)","TS_GP_ER_FAERPKR_M.E00220","Average PKR per USD","31-Mar-1973","9.9078","PKR","Normal",""
"Bank Floating Average Exchange Rates  (PKR per National Currency)","TS_GP_ER_FAERPKR_M.E00220","Average PKR per USD","28-Feb-1973","9.9078","PKR","Normal",""
"Bank Floating Average Exchange Rates  (PKR per National Currency)","TS_GP_ER_FAERPKR_M.E00220","Average PKR per USD","31-Jan-1973","11.0078","PKR","Normal",""
"Bank Floating Average Exchange Rates  (PKR per National Currency)","TS_GP_ER_FAERPKR_M.E00220","Average PKR per USD","31-Dec-1972","11.0078","PKR","Normal",""
"Bank Floating Average Exchange Rates  (PKR per National Currency)","TS_GP_ER_FAERPKR_M.E00220","Average PKR per USD","30-Nov-1972","11.0078","PKR","Normal",""
"Bank Floating Average Exchange Rates  (PKR per National Currency)","TS_GP_ER_FAERPKR_M.E00220","Average PKR per USD","31-Oct-1972","11.0078","PKR","Normal",""
"Bank Floating Average Exchange Rates  (PKR per National Currency)","TS_GP_ER_FAERPKR_M.E00220","Average PKR per USD","30-Sep-1972","11.0078","PKR","Normal",""
"Bank Floating Average Exchange Rates  (PKR per National Currency)","TS_GP_ER_FAERPKR_M.E00220","Average PKR per USD","31-Aug-1972","11.0078","PKR","Normal",""
"Bank Floating Average Exchange Rates  (PKR per National Currency)","TS_GP_ER_FAERPKR_M.E00220","Average PKR per USD","31-Jul-1972","11.0078","PKR","Normal",""
"Bank Floating Average Exchange Rates  (PKR per National Currency)","TS_GP_ER_FAERPKR_M.E00220","Average PKR per USD","30-Jun-1972","11.0078","PKR","Normal",""
"Bank Floating Average Exchange Rates  (PKR per National Currency)","TS_GP_ER_FAERPKR_M.E00220","Average PKR per USD","31-May-1972","11.0078","PKR","Normal",""
"Bank Floating Average Exchange Rates  (PKR per National Currency)","TS_GP_ER_FAERPKR_M.E00220","Average PKR per USD","30-Apr-1972","4.7697","PKR","Normal",""
"Bank Floating Average Exchange Rates  (PKR per National Currency)","TS_GP_ER_FAERPKR_M.E00220","Average PKR per USD","31-Mar-1972","4.7697","PKR","Normal",""
"Bank Floating Average Exchange Rates  (PKR per National Currency)","TS_GP_ER_FAERPKR_M.E00220","Average PKR per USD","29-Feb-1972","4.7697","PKR","Normal",""
"Bank Floating Average Exchange Rates  (PKR per National Currency)","TS_GP_ER_FAERPKR_M.E00220","Average PKR per USD","31-Jan-1972","4.7697","PKR","Normal",""
"Bank Floating Average Exchange Rates  (PKR per National Currency)","TS_GP_ER_FAERPKR_M.E00220","Average PKR per USD","31-Dec-1971","4.7697","PKR","Normal",""
"Bank Floating Average Exchange Rates  (PKR per National Currency)","TS_GP_ER_FAERPKR_M.E00220","Average PKR per USD","30-Nov-1971","4.7697","PKR","Normal",""
"Bank Floating Average Exchange Rates  (PKR per National Currency)","TS_GP_ER_FAERPKR_M.E00220","Average PKR per USD","31-Oct-1971","4.7697","PKR","Normal",""
"Bank Floating Average Exchange Rates  (PKR per National Currency)","TS_GP_ER_FAERPKR_M.E00220","Average PKR per USD","30-Sep-1971","4.7697","PKR","Normal",""
"Bank Floating Average Exchange Rates  (PKR per National Currency)","TS_GP_ER_FAERPKR_M.E00220","Average PKR per USD","31-Aug-1971","4.7697","PKR","Normal",""
"Bank Floating Average Exchange Rates  (PKR per National Currency)","TS_GP_ER_FAERPKR_M.E00220","Average PKR per USD","31-Jul-1971","4.7697","PKR","Normal",""
"Bank Floating Average Exchange Rates  (PKR per National Currency)","TS_GP_ER_FAERPKR_M.E00220","Average PKR per USD","30-Jun-1971","4.7697","PKR","Normal",""
"Bank Floating Average Exchange Rates  (PKR per National Currency)","TS_GP_ER_FAERPKR_M.E00220","Average PKR per USD","31-May-1971","4.7697","PKR","Normal",""
"Bank Floating Average Exchange Rates  (PKR per National Currency)","TS_GP_ER_FAERPKR_M.E00220","Average PKR per USD","30-Apr-1971","4.7697","PKR","Normal",""
"Bank Floating Average Exchange Rates  (PKR per National Currency)","TS_GP_ER_FAERPKR_M.E00220","Average PKR per USD","31-Mar-1971","4.7697","PKR","Normal",""
"Bank Floating Average Exchange Rates  (PKR per National Currency)","TS_GP_ER_FAERPKR_M.E00220","Average PKR per USD","28-Feb-1971","4.7697","PKR","Normal",""
"Bank Floating Average Exchange Rates  (PKR per National Currency)","TS_GP_ER_FAERPKR_M.E00220","Average PKR per USD","31-Jan-1971","4.7697","PKR","Normal",""
"Bank Floating Average Exchange Rates  (PKR per National Currency)","TS_GP_ER_FAERPKR_M.E00220","Average PKR per USD","31-Dec-1970","4.7697","PKR","Normal",""
"Bank Floating Average Exchange Rates  (PKR per National Currency)","TS_GP_ER_FAERPKR_M.E00220","Average PKR per USD","30-Nov-1970","4.7697","PKR","Normal",""
"Bank Floating Average Exchange Rates  (PKR per National Currency)","TS_GP_ER_FAERPKR_M.E00220","Average PKR per USD","31-Oct-1970","4.7697","PKR","Normal",""
"Bank Floating Average Exchange Rates  (PKR per National Currency)","TS_GP_ER_FAERPKR_M.E00220","Average PKR per USD","30-Sep-1970","4.7697","PKR","Normal",""
"Bank Floating Average Exchange Rates  (PKR per National Currency)","TS_GP_ER_FAERPKR_M.E00220","Average PKR per USD","31-Aug-1970","4.7697","PKR","Normal",""
"Bank Floating Average Exchange Rates  (PKR per National Currency)","TS_GP_ER_FAERPKR_M.E00220","Average PKR per USD","31-Jul-1970","4.7697","PKR","Normal",""
"Bank Floating Average Exchange Rates  (PKR per National Currency)","TS_GP_ER_FAERPKR_M.E00220","Average PKR per USD","30-Jun-1970","4.7697","PKR","Normal",""
"Bank Floating Average Exchange Rates  (PKR per National Currency)","TS_GP_ER_FAERPKR_M.E00220","Average PKR per USD","31-May-1970","4.7697","PKR","Normal",""
"Bank Floating Average Exchange Rates  (PKR per National Currency)","TS_GP_ER_FAERPKR_M.E00220","Average PKR per USD","30-Apr-1970","4.7697","PKR","Normal",""
"Bank Floating Average Exchange Rates  (PKR per National Currency)","TS_GP_ER_FAERPKR_M.E00220","Average PKR per USD","31-Mar-1970","4.7697","PKR","Normal",""
"Bank Floating Average Exchange Rates  (PKR per National Currency)","TS_GP_ER_FAERPKR_M.E00220","Average PKR per USD","28-Feb-1970","4.7697","PKR","Normal",""
"Bank Floating Average Exchange Rates  (PKR per National Currency)","TS_GP_ER_FAERPKR_M.E00220","Average PKR per USD","31-Jan-1970","4.7697","PKR","Normal",""
"Bank Floating Average Exchange Rates  (PKR per National Currency)","TS_GP_ER_FAERPKR_M.E00220","Average PKR per USD","31-Dec-1969","4.7697","PKR","Normal",""
"Bank Floating Average Exchange Rates  (PKR per National Currency)","TS_GP_ER_FAERPKR_M.E00220","Average PKR per USD","30-Nov-1969","4.7697","PKR","Normal",""
"Bank Floating Average Exchange Rates  (PKR per National Currency)","TS_GP_ER_FAERPKR_M.E00220","Average PKR per USD","31-Oct-1969","4.7697","PKR","Normal",""
"Bank Floating Average Exchange Rates  (PKR per National Currency)","TS_GP_ER_FAERPKR_M.E00220","Average PKR per USD","30-Sep-1969","4.7697","PKR","Normal",""
"Bank Floating Average Exchange Rates  (PKR per National Currency)","TS_GP_ER_FAERPKR_M.E00220","Average PKR per USD","31-Aug-1969","4.7697","PKR","Normal",""
"Bank Floating Average Exchange Rates  (PKR per National Currency)","TS_GP_ER_FAERPKR_M.E00220","Average PKR per USD","31-Jul-1969","4.7697","PKR","Normal",""
"Bank Floating Average Exchange Rates  (PKR per National Currency)","TS_GP_ER_FAERPKR_M.E00220","Average PKR per USD","30-Jun-1969","4.7697","PKR","Normal",""
"Bank Floating Average Exchange Rates  (PKR per National Currency)","TS_GP_ER_FAERPKR_M.E00220","Average PKR per USD","31-May-1969","4.7697","PKR","Normal",""
"Bank Floating Average Exchange Rates  (PKR per National Currency)","TS_GP_ER_FAERPKR_M.E00220","Average PKR per USD","30-Apr-1969","4.7697","PKR","Normal",""
"Bank Floating Average Exchange Rates  (PKR per National Currency)","TS_GP_ER_FAERPKR_M.E00220","Average PKR per USD","31-Mar-1969","4.7697","PKR","Normal",""
"Bank Floating Average Exchange Rates  (PKR per National Currency)","TS_GP_ER_FAERPKR_M.E00220","Average PKR per USD","28-Feb-1969","4.7697","PKR","Normal",""
"Bank Floating Average Exchange Rates  (PKR per National Currency)","TS_GP_ER_FAERPKR_M.E00220","Average PKR per USD","31-Jan-1969","4.7697","PKR","Normal",""
"Bank Floating Average Exchange Rates  (PKR per National Currency)","TS_GP_ER_FAERPKR_M.E00220","Average PKR per USD","31-Dec-1968","4.7697","PKR","Normal",""
"Bank Floating Average Exchange Rates  (PKR per National Currency)","TS_GP_ER_FAERPKR_M.E00220","Average PKR per USD","30-Nov-1968","4.7697","PKR","Normal",""
"Bank Floating Average Exchange Rates  (PKR per National Currency)","TS_GP_ER_FAERPKR_M.E00220","Average PKR per USD","31-Oct-1968","4.7697","PKR","Normal",""
"Bank Floating Average Exchange Rates  (PKR per National Currency)","TS_GP_ER_FAERPKR_M.E00220","Average PKR per USD","30-Sep-1968","4.7697","PKR","Normal",""
"Bank Floating Average Exchange Rates  (PKR per National Currency)","TS_GP_ER_FAERPKR_M.E00220","Average PKR per USD","31-Aug-1968","4.7697","PKR","Normal",""
"Bank Floating Average Exchange Rates  (PKR per National Currency)","TS_GP_ER_FAERPKR_M.E00220","Average PKR per USD","31-Jul-1968","4.7697","PKR","Normal",""
"Bank Floating Average Exchange Rates  (PKR per National Currency)","TS_GP_ER_FAERPKR_M.E00220","Average PKR per USD","30-Jun-1968","4.7697","PKR","Normal",""
"Bank Floating Average Exchange Rates  (PKR per National Currency)","TS_GP_ER_FAERPKR_M.E00220","Average PKR per USD","31-May-1968","4.7697","PKR","Normal",""
"Bank Floating Average Exchange Rates  (PKR per National Currency)","TS_GP_ER_FAERPKR_M.E00220","Average PKR per USD","30-Apr-1968","4.7697","PKR","Normal",""
"Bank Floating Average Exchange Rates  (PKR per National Currency)","TS_GP_ER_FAERPKR_M.E00220","Average PKR per USD","31-Mar-1968","4.7697","PKR","Normal",""
"Bank Floating Average Exchange Rates  (PKR per National Currency)","TS_GP_ER_FAERPKR_M.E00220","Average PKR per USD","29-Feb-1968","4.7697","PKR","Normal",""
"Bank Floating Average Exchange Rates  (PKR per National Currency)","TS_GP_ER_FAERPKR_M.E00220","Average PKR per USD","31-Jan-1968","4.7697","PKR","Normal",""
"Bank Floating Average Exchange Rates  (PKR per National Currency)","TS_GP_ER_FAERPKR_M.E00220","Average PKR per USD","31-Dec-1967","4.7697","PKR","Normal",""
"Bank Floating Average Exchange Rates  (PKR per National Currency)","TS_GP_ER_FAERPKR_M.E00220","Average PKR per USD","30-Nov-1967","4.7697","PKR","Normal",""
"Bank Floating Average Exchange Rates  (PKR per National Currency)","TS_GP_ER_FAERPKR_M.E00220","Average PKR per USD","31-Oct-1967","4.7697","PKR","Normal",""
"Bank Floating Average Exchange Rates  (PKR per National Currency)","TS_GP_ER_FAERPKR_M.E00220","Average PKR per USD","30-Sep-1967","4.7697","PKR","Normal",""
"Bank Floating Average Exchange Rates  (PKR per National Currency)","TS_GP_ER_FAERPKR_M.E00220","Average PKR per USD","31-Aug-1967","4.7697","PKR","Normal",""
"Bank Floating Average Exchange Rates  (PKR per National Currency)","TS_GP_ER_FAERPKR_M.E00220","Average PKR per USD","31-Jul-1967","4.7697","PKR","Normal",""
"Bank Floating Average Exchange Rates  (PKR per National Currency)","TS_GP_ER_FAERPKR_M.E00220","Average PKR per USD","30-Jun-1967","4.7697","PKR","Normal",""
"Bank Floating Average Exchange Rates  (PKR per National Currency)","TS_GP_ER_FAERPKR_M.E00220","Average PKR per USD","31-May-1967","4.7697","PKR","Normal",""
"Bank Floating Average Exchange Rates  (PKR per National Currency)","TS_GP_ER_FAERPKR_M.E00220","Average PKR per USD","30-Apr-1967","4.7697","PKR","Normal",""
"Bank Floating Average Exchange Rates  (PKR per National Currency)","TS_GP_ER_FAERPKR_M.E00220","Average PKR per USD","31-Mar-1967","4.7697","PKR","Normal",""
"Bank Floating Average Exchange Rates  (PKR per National Currency)","TS_GP_ER_FAERPKR_M.E00220","Average PKR per USD","28-Feb-1967","4.7697","PKR","Normal",""
"Bank Floating Average Exchange Rates  (PKR per National Currency)","TS_GP_ER_FAERPKR_M.E00220","Average PKR per USD","31-Jan-1967","4.7697","PKR","Normal",""
"Bank Floating Average Exchange Rates  (PKR per National Currency)","TS_GP_ER_FAERPKR_M.E00220","Average PKR per USD","31-Dec-1966","4.7697","PKR","Normal",""
"Bank Floating Average Exchange Rates  (PKR per National Currency)","TS_GP_ER_FAERPKR_M.E00220","Average PKR per USD","30-Nov-1966","4.7697","PKR","Normal",""
"Bank Floating Average Exchange Rates  (PKR per National Currency)","TS_GP_ER_FAERPKR_M.E00220","Average PKR per USD","31-Oct-1966","4.7697","PKR","Normal",""
"Bank Floating Average Exchange Rates  (PKR per National Currency)","TS_GP_ER_FAERPKR_M.E00220","Average PKR per USD","30-Sep-1966","4.7697","PKR","Normal",""
"Bank Floating Average Exchange Rates  (PKR per National Currency)","TS_GP_ER_FAERPKR_M.E00220","Average PKR per USD","31-Aug-1966","4.7697","PKR","Normal",""
"Bank Floating Average Exchange Rates  (PKR per National Currency)","TS_GP_ER_FAERPKR_M.E00220","Average PKR per USD","31-Jul-1966","4.7697","PKR","Normal",""
"Bank Floating Average Exchange Rates  (PKR per National Currency)","TS_GP_ER_FAERPKR_M.E00220","Average PKR per USD","30-Jun-1966","4.7697","PKR","Normal",""
"Bank Floating Average Exchange Rates  (PKR per National Currency)","TS_GP_ER_FAERPKR_M.E00220","Average PKR per USD","31-May-1966","4.7697","PKR","Normal",""
"Bank Floating Average Exchange Rates  (PKR per National Currency)","TS_GP_ER_FAERPKR_M.E00220","Average PKR per USD","30-Apr-1966","4.7697","PKR","Normal",""
"Bank Floating Average Exchange Rates  (PKR per National Currency)","TS_GP_ER_FAERPKR_M.E00220","Average PKR per USD","31-Mar-1966","4.7697","PKR","Normal",""
"Bank Floating Average Exchange Rates  (PKR per National Currency)","TS_GP_ER_FAERPKR_M.E00220","Average PKR per USD","28-Feb-1966","4.7697","PKR","Normal",""
"Bank Floating Average Exchange Rates  (PKR per National Currency)","TS_GP_ER_FAERPKR_M.E00220","Average PKR per USD","31-Jan-1966","4.7697","PKR","Normal",""
"Bank Floating Average Exchange Rates  (PKR per National Currency)","TS_GP_ER_FAERPKR_M.E00220","Average PKR per USD","31-Dec-1965","4.7697","PKR","Normal",""
"Bank Floating Average Exchange Rates  (PKR per National Currency)","TS_GP_ER_FAERPKR_M.E00220","Average PKR per USD","30-Nov-1965","4.7697","PKR","Normal",""
"Bank Floating Average Exchange Rates  (PKR per National Currency)","TS_GP_ER_FAERPKR_M.E00220","Average PKR per USD","31-Oct-1965","4.7697","PKR","Normal",""
"Bank Floating Average Exchange Rates  (PKR per National Currency)","TS_GP_ER_FAERPKR_M.E00220","Average PKR per USD","30-Sep-1965","4.7697","PKR","Normal",""
"Bank Floating Average Exchange Rates  (PKR per National Currency)","TS_GP_ER_FAERPKR_M.E00220","Average PKR per USD","31-Aug-1965","4.7697","PKR","Normal",""
"Bank Floating Average Exchange Rates  (PKR per National Currency)","TS_GP_ER_FAERPKR_M.E00220","Average PKR per USD","31-Jul-1965","4.7697","PKR","Normal",""
"Bank Floating Average Exchange Rates  (PKR per National Currency)","TS_GP_ER_FAERPKR_M.E00220","Average PKR per USD","30-Jun-1965","4.7697","PKR","Normal",""
"Bank Floating Average Exchange Rates  (PKR per National Currency)","TS_GP_ER_FAERPKR_M.E00220","Average PKR per USD","31-May-1965","4.7697","PKR","Normal",""
"Bank Floating Average Exchange Rates  (PKR per National Currency)","TS_GP_ER_FAERPKR_M.E00220","Average PKR per USD","30-Apr-1965","4.7697","PKR","Normal",""
"Bank Floating Average Exchange Rates  (PKR per National Currency)","TS_GP_ER_FAERPKR_M.E00220","Average PKR per USD","31-Mar-1965","4.7697","PKR","Normal",""
"Bank Floating Average Exchange Rates  (PKR per National Currency)","TS_GP_ER_FAERPKR_M.E00220","Average PKR per USD","28-Feb-1965","4.7697","PKR","Normal",""
"Bank Floating Average Exchange Rates  (PKR per National Currency)","TS_GP_ER_FAERPKR_M.E00220","Average PKR per USD","31-Jan-1965","4.7697","PKR","Normal",""
"Bank Floating Average Exchange Rates  (PKR per National Currency)","TS_GP_ER_FAERPKR_M.E00220","Average PKR per USD","31-Dec-1964","4.7697","PKR","Normal",""
"Bank Floating Average Exchange Rates  (PKR per National Currency)","TS_GP_ER_FAERPKR_M.E00220","Average PKR per USD","30-Nov-1964","4.7697","PKR","Normal",""
"Bank Floating Average Exchange Rates  (PKR per National Currency)","TS_GP_ER_FAERPKR_M.E00220","Average PKR per USD","31-Oct-1964","4.7697","PKR","Normal",""
"Bank Floating Average Exchange Rates  (PKR per National Currency)","TS_GP_ER_FAERPKR_M.E00220","Average PKR per USD","30-Sep-1964","4.7697","PKR","Normal",""
"Bank Floating Average Exchange Rates  (PKR per National Currency)","TS_GP_ER_FAERPKR_M.E00220","Average PKR per USD","31-Aug-1964","4.7697","PKR","Normal",""
"Bank Floating Average Exchange Rates  (PKR per National Currency)","TS_GP_ER_FAERPKR_M.E00220","Average PKR per USD","31-Jul-1964","4.7697","PKR","Normal",""
"Bank Floating Average Exchange Rates  (PKR per National Currency)","TS_GP_ER_FAERPKR_M.E00220","Average PKR per USD","30-Jun-1964","4.7697","PKR","Normal",""
"Bank Floating Average Exchange Rates  (PKR per National Currency)","TS_GP_ER_FAERPKR_M.E00220","Average PKR per USD","31-May-1964","4.7697","PKR","Normal",""
"Bank Floating Average Exchange Rates  (PKR per National Currency)","TS_GP_ER_FAERPKR_M.E00220","Average PKR per USD","30-Apr-1964","4.7697","PKR","Normal",""
"Bank Floating Average Exchange Rates  (PKR per National Currency)","TS_GP_ER_FAERPKR_M.E00220","Average PKR per USD","31-Mar-1964","4.7697","PKR","Normal",""
"Bank Floating Average Exchange Rates  (PKR per National Currency)","TS_GP_ER_FAERPKR_M.E00220","Average PKR per USD","29-Feb-1964","4.7697","PKR","Normal",""
"Bank Floating Average Exchange Rates  (PKR per National Currency)","TS_GP_ER_FAERPKR_M.E00220","Average PKR per USD","31-Jan-1964","4.7697","PKR","Normal",""
"Bank Floating Average Exchange Rates  (PKR per National Currency)","TS_GP_ER_FAERPKR_M.E00220","Average PKR per USD","31-Dec-1963","4.7697","PKR","Normal",""
"Bank Floating Average Exchange Rates  (PKR per National Currency)","TS_GP_ER_FAERPKR_M.E00220","Average PKR per USD","30-Nov-1963","4.7697","PKR","Normal",""
"Bank Floating Average Exchange Rates  (PKR per National Currency)","TS_GP_ER_FAERPKR_M.E00220","Average PKR per USD","31-Oct-1963","4.7697","PKR","Normal",""
"Bank Floating Average Exchange Rates  (PKR per National Currency)","TS_GP_ER_FAERPKR_M.E00220","Average PKR per USD","30-Sep-1963","4.7697","PKR","Normal",""
"Bank Floating Average Exchange Rates  (PKR per National Currency)","TS_GP_ER_FAERPKR_M.E00220","Average PKR per USD","31-Aug-1963","4.7697","PKR","Normal",""
"Bank Floating Average Exchange Rates  (PKR per National Currency)","TS_GP_ER_FAERPKR_M.E00220","Average PKR per USD","31-Jul-1963","4.7697","PKR","Normal",""
"Bank Floating Average Exchange Rates  (PKR per National Currency)","TS_GP_ER_FAERPKR_M.E00220","Average PKR per USD","30-Jun-1963","4.7697","PKR","Normal",""
"Bank Floating Average Exchange Rates  (PKR per National Currency)","TS_GP_ER_FAERPKR_M.E00220","Average PKR per USD","31-May-1963","4.7697","PKR","Normal",""
"Bank Floating Average Exchange Rates  (PKR per National Currency)","TS_GP_ER_FAERPKR_M.E00220","Average PKR per USD","30-Apr-1963","4.7697","PKR","Normal",""
"Bank Floating Average Exchange Rates  (PKR per National Currency)","TS_GP_ER_FAERPKR_M.E00220","Average PKR per USD","31-Mar-1963","4.7697","PKR","Normal",""
"Bank Floating Average Exchange Rates  (PKR per National Currency)","TS_GP_ER_FAERPKR_M.E00220","Average PKR per USD","28-Feb-1963","4.7697","PKR","Normal",""
"Bank Floating Average Exchange Rates  (PKR per National Currency)","TS_GP_ER_FAERPKR_M.E00220","Average PKR per USD","31-Jan-1963","4.7697","PKR","Normal",""
"Bank Floating Average Exchange Rates  (PKR per National Currency)","TS_GP_ER_FAERPKR_M.E00220","Average PKR per USD","31-Dec-1962","4.7697","PKR","Normal",""
"Bank Floating Average Exchange Rates  (PKR per National Currency)","TS_GP_ER_FAERPKR_M.E00220","Average PKR per USD","30-Nov-1962","4.7697","PKR","Normal",""
"Bank Floating Average Exchange Rates  (PKR per National Currency)","TS_GP_ER_FAERPKR_M.E00220","Average PKR per USD","31-Oct-1962","4.7697","PKR","Normal",""
"Bank Floating Average Exchange Rates  (PKR per National Currency)","TS_GP_ER_FAERPKR_M.E00220","Average PKR per USD","30-Sep-1962","4.7697","PKR","Normal",""
"Bank Floating Average Exchange Rates  (PKR per National Currency)","TS_GP_ER_FAERPKR_M.E00220","Average PKR per USD","31-Aug-1962","4.7697","PKR","Normal",""
"Bank Floating Average Exchange Rates  (PKR per National Currency)","TS_GP_ER_FAERPKR_M.E00220","Average PKR per USD","31-Jul-1962","4.7697","PKR","Normal",""
"Bank Floating Average Exchange Rates  (PKR per National Currency)","TS_GP_ER_FAERPKR_M.E00220","Average PKR per USD","30-Jun-1962","4.7697","PKR","Normal",""
"Bank Floating Average Exchange Rates  (PKR per National Currency)","TS_GP_ER_FAERPKR_M.E00220","Average PKR per USD","31-May-1962","4.7697","PKR","Normal",""
"Bank Floating Average Exchange Rates  (PKR per National Currency)","TS_GP_ER_FAERPKR_M.E00220","Average PKR per USD","30-Apr-1962","4.7697","PKR","Normal",""
"Bank Floating Average Exchange Rates  (PKR per National Currency)","TS_GP_ER_FAERPKR_M.E00220","Average PKR per USD","31-Mar-1962","4.7697","PKR","Normal",""
"Bank Floating Average Exchange Rates  (PKR per National Currency)","TS_GP_ER_FAERPKR_M.E00220","Average PKR per USD","28-Feb-1962","4.7697","PKR","Normal",""
"Bank Floating Average Exchange Rates  (PKR per National Currency)","TS_GP_ER_FAERPKR_M.E00220","Average PKR per USD","31-Jan-1962","4.7697","PKR","Normal",""
"Bank Floating Average Exchange Rates  (PKR per National Currency)","TS_GP_ER_FAERPKR_M.E00220","Average PKR per USD","31-Dec-1961","4.7697","PKR","Normal",""
"Bank Floating Average Exchange Rates  (PKR per National Currency)","TS_GP_ER_FAERPKR_M.E00220","Average PKR per USD","30-Nov-1961","4.7697","PKR","Normal",""
"Bank Floating Average Exchange Rates  (PKR per National Currency)","TS_GP_ER_FAERPKR_M.E00220","Average PKR per USD","31-Oct-1961","4.7697","PKR","Normal",""
"Bank Floating Average Exchange Rates  (PKR per National Currency)","TS_GP_ER_FAERPKR_M.E00220","Average PKR per USD","30-Sep-1961","4.7697","PKR","Normal",""
"Bank Floating Average Exchange Rates  (PKR per National Currency)","TS_GP_ER_FAERPKR_M.E00220","Average PKR per USD","31-Aug-1961","4.7697","PKR","Normal",""
"Bank Floating Average Exchange Rates  (PKR per National Currency)","TS_GP_ER_FAERPKR_M.E00220","Average PKR per USD","31-Jul-1961","4.7697","PKR","Normal",""
"Bank Floating Average Exchange Rates  (PKR per National Currency)","TS_GP_ER_FAERPKR_M.E00220","Average PKR per USD","30-Jun-1961","4.7697","PKR","Normal",""
"Bank Floating Average Exchange Rates  (PKR per National Currency)","TS_GP_ER_FAERPKR_M.E00220","Average PKR per USD","31-May-1961","4.7697","PKR","Normal",""
"Bank Floating Average Exchange Rates  (PKR per National Currency)","TS_GP_ER_FAERPKR_M.E00220","Average PKR per USD","30-Apr-1961","4.7697","PKR","Normal",""
"Bank Floating Average Exchange Rates  (PKR per National Currency)","TS_GP_ER_FAERPKR_M.E00220","Average PKR per USD","31-Mar-1961","4.7697","PKR","Normal",""
"Bank Floating Average Exchange Rates  (PKR per National Currency)","TS_GP_ER_FAERPKR_M.E00220","Average PKR per USD","28-Feb-1961","4.7697","PKR","Normal",""
"Bank Floating Average Exchange Rates  (PKR per National Currency)","TS_GP_ER_FAERPKR_M.E00220","Average PKR per USD","31-Jan-1961","4.7697","PKR","Normal",""
"Bank Floating Average Exchange Rates  (PKR per National Currency)","TS_GP_ER_FAERPKR_M.E00220","Average PKR per USD","31-Dec-1960","4.7697","PKR","Normal",""
"Bank Floating Average Exchange Rates  (PKR per National Currency)","TS_GP_ER_FAERPKR_M.E00220","Average PKR per USD","30-Nov-1960","4.7697","PKR","Normal",""
"Bank Floating Average Exchange Rates  (PKR per National Currency)","TS_GP_ER_FAERPKR_M.E00220","Average PKR per USD","31-Oct-1960","4.7697","PKR","Normal",""
"Bank Floating Average Exchange Rates  (PKR per National Currency)","TS_GP_ER_FAERPKR_M.E00220","Average PKR per USD","30-Sep-1960","4.7697","PKR","Normal",""
"Bank Floating Average Exchange Rates  (PKR per National Currency)","TS_GP_ER_FAERPKR_M.E00220","Average PKR per USD","31-Aug-1960","4.7697","PKR","Normal",""
"Bank Floating Average Exchange Rates  (PKR per National Currency)","TS_GP_ER_FAERPKR_M.E00220","Average PKR per USD","31-Jul-1960","4.7697","PKR","Normal",""
"Bank Floating Average Exchange Rates  (PKR per National Currency)","TS_GP_ER_FAERPKR_M.E00220","Average PKR per USD","30-Jun-1960","4.7697","PKR","Normal",""
"Bank Floating Average Exchange Rates  (PKR per National Currency)","TS_GP_ER_FAERPKR_M.E00220","Average PKR per USD","31-May-1960","4.7697","PKR","Normal",""
"Bank Floating Average Exchange Rates  (PKR per National Currency)","TS_GP_ER_FAERPKR_M.E00220","Average PKR per USD","30-Apr-1960","4.7697","PKR","Normal",""
"Bank Floating Average Exchange Rates  (PKR per National Currency)","TS_GP_ER_FAERPKR_M.E00220","Average PKR per USD","31-Mar-1960","4.7697","PKR","Normal",""
"Bank Floating Average Exchange Rates  (PKR per National Currency)","TS_GP_ER_FAERPKR_M.E00220","Average PKR per USD","29-Feb-1960","4.7697","PKR","Normal",""
"Bank Floating Average Exchange Rates  (PKR per National Currency)","TS_GP_ER_FAERPKR_M.E00220","Average PKR per USD","31-Jan-1960","4.7697","PKR","Normal",""
"Bank Floating Average Exchange Rates  (PKR per National Currency)","TS_GP_ER_FAERPKR_M.E00220","Average PKR per USD","31-Dec-1959","4.7697","PKR","Normal",""
"Bank Floating Average Exchange Rates  (PKR per National Currency)","TS_GP_ER_FAERPKR_M.E00220","Average PKR per USD","30-Nov-1959","4.7697","PKR","Normal",""
"Bank Floating Average Exchange Rates  (PKR per National Currency)","TS_GP_ER_FAERPKR_M.E00220","Average PKR per USD","31-Oct-1959","4.7697","PKR","Normal",""
"Bank Floating Average Exchange Rates  (PKR per National Currency)","TS_GP_ER_FAERPKR_M.E00220","Average PKR per USD","30-Sep-1959","4.7697","PKR","Normal",""
"Bank Floating Average Exchange Rates  (PKR per National Currency)","TS_GP_ER_FAERPKR_M.E00220","Average PKR per USD","31-Aug-1959","4.7697","PKR","Normal",""
"Bank Floating Average Exchange Rates  (PKR per National Currency)","TS_GP_ER_FAERPKR_M.E00220","Average PKR per USD","31-Jul-1959","4.7697","PKR","Normal",""
"Bank Floating Average Exchange Rates  (PKR per National Currency)","TS_GP_ER_FAERPKR_M.E00220","Average PKR per USD","30-Jun-1959","4.7697","PKR","Normal",""
"Bank Floating Average Exchange Rates  (PKR per National Currency)","TS_GP_ER_FAERPKR_M.E00220","Average PKR per USD","31-May-1959","4.7697","PKR","Normal",""
"Bank Floating Average Exchange Rates  (PKR per National Currency)","TS_GP_ER_FAERPKR_M.E00220","Average PKR per USD","30-Apr-1959","4.7697","PKR","Normal",""
"Bank Floating Average Exchange Rates  (PKR per National Currency)","TS_GP_ER_FAERPKR_M.E00220","Average PKR per USD","31-Mar-1959","4.7697","PKR","Normal",""
"Bank Floating Average Exchange Rates  (PKR per National Currency)","TS_GP_ER_FAERPKR_M.E00220","Average PKR per USD","28-Feb-1959","4.7697","PKR","Normal",""
"Bank Floating Average Exchange Rates  (PKR per National Currency)","TS_GP_ER_FAERPKR_M.E00220","Average PKR per USD","31-Jan-1959","4.7697","PKR","Normal",""
"Bank Floating Average Exchange Rates  (PKR per National Currency)","TS_GP_ER_FAERPKR_M.E00220","Average PKR per USD","31-Dec-1958","4.7697","PKR","Normal",""
"Bank Floating Average Exchange Rates  (PKR per National Currency)","TS_GP_ER_FAERPKR_M.E00220","Average PKR per USD","30-Nov-1958","4.7697","PKR","Normal",""
"Bank Floating Average Exchange Rates  (PKR per National Currency)","TS_GP_ER_FAERPKR_M.E00220","Average PKR per USD","31-Oct-1958","4.7697","PKR","Normal",""
"Bank Floating Average Exchange Rates  (PKR per National Currency)","TS_GP_ER_FAERPKR_M.E00220","Average PKR per USD","30-Sep-1958","4.7697","PKR","Normal",""
"Bank Floating Average Exchange Rates  (PKR per National Currency)","TS_GP_ER_FAERPKR_M.E00220","Average PKR per USD","31-Aug-1958","4.7697","PKR","Normal",""
"Bank Floating Average Exchange Rates  (PKR per National Currency)","TS_GP_ER_FAERPKR_M.E00220","Average PKR per USD","31-Jul-1958","4.7697","PKR","Normal",""
"Bank Floating Average Exchange Rates  (PKR per National Currency)","TS_GP_ER_FAERPKR_M.E00220","Average PKR per USD","30-Jun-1958","4.7697","PKR","Normal",""
"Bank Floating Average Exchange Rates  (PKR per National Currency)","TS_GP_ER_FAERPKR_M.E00220","Average PKR per USD","31-May-1958","4.7697","PKR","Normal",""
"Bank Floating Average Exchange Rates  (PKR per National Currency)","TS_GP_ER_FAERPKR_M.E00220","Average PKR per USD","30-Apr-1958","4.7697","PKR","Normal",""
"Bank Floating Average Exchange Rates  (PKR per National Currency)","TS_GP_ER_FAERPKR_M.E00220","Average PKR per USD","31-Mar-1958","4.7697","PKR","Normal",""
"Bank Floating Average Exchange Rates  (PKR per National Currency)","TS_GP_ER_FAERPKR_M.E00220","Average PKR per USD","28-Feb-1958","4.7697","PKR","Normal",""
"Bank Floating Average Exchange Rates  (PKR per National Currency)","TS_GP_ER_FAERPKR_M.E00220","Average PKR per USD","31-Jan-1958","4.7697","PKR","Normal",""
"Bank Floating Average Exchange Rates  (PKR per National Currency)","TS_GP_ER_FAERPKR_M.E00220","Average PKR per USD","31-Dec-1957","4.7697","PKR","Normal",""
"Bank Floating Average Exchange Rates  (PKR per National Currency)","TS_GP_ER_FAERPKR_M.E00220","Average PKR per USD","30-Nov-1957","4.7697","PKR","Normal",""
"Bank Floating Average Exchange Rates  (PKR per National Currency)","TS_GP_ER_FAERPKR_M.E00220","Average PKR per USD","31-Oct-1957","4.7697","PKR","Normal",""
"Bank Floating Average Exchange Rates  (PKR per National Currency)","TS_GP_ER_FAERPKR_M.E00220","Average PKR per USD","30-Sep-1957","4.7697","PKR","Normal",""
"Bank Floating Average Exchange Rates  (PKR per National Currency)","TS_GP_ER_FAERPKR_M.E00220","Average PKR per USD","31-Aug-1957","4.7697","PKR","Normal",""
"Bank Floating Average Exchange Rates  (PKR per National Currency)","TS_GP_ER_FAERPKR_M.E00220","Average PKR per USD","31-Jul-1957","4.7697","PKR","Normal",""
"Bank Floating Average Exchange Rates  (PKR per National Currency)","TS_GP_ER_FAERPKR_M.E00220","Average PKR per USD","30-Jun-1957","4.7697","PKR","Normal",""
"Bank Floating Average Exchange Rates  (PKR per National Currency)","TS_GP_ER_FAERPKR_M.E00220","Average PKR per USD","31-May-1957","4.7697","PKR","Normal",""
"Bank Floating Average Exchange Rates  (PKR per National Currency)","TS_GP_ER_FAERPKR_M.E00220","Average PKR per USD","30-Apr-1957","4.7697","PKR","Normal",""
"Bank Floating Average Exchange Rates  (PKR per National Currency)","TS_GP_ER_FAERPKR_M.E00220","Average PKR per USD","31-Mar-1957","4.7697","PKR","Normal",""
"Bank Floating Average Exchange Rates  (PKR per National Currency)","TS_GP_ER_FAERPKR_M.E00220","Average PKR per USD","28-Feb-1957","4.7697","PKR","Normal",""
"Bank Floating Average Exchange Rates  (PKR per National Currency)","TS_GP_ER_FAERPKR_M.E00220","Average PKR per USD","31-Jan-1957","4.7697","PKR","Normal",""
"Bank Floating Average Exchange Rates  (PKR per National Currency)","TS_GP_ER_FAERPKR_M.E00220","Average PKR per USD","31-Dec-1956","4.7697","PKR","Normal",""
"Bank Floating Average Exchange Rates  (PKR per National Currency)","TS_GP_ER_FAERPKR_M.E00220","Average PKR per USD","30-Nov-1956","4.7697","PKR","Normal",""
"Bank Floating Average Exchange Rates  (PKR per National Currency)","TS_GP_ER_FAERPKR_M.E00220","Average PKR per USD","31-Oct-1956","4.7697","PKR","Normal",""
"Bank Floating Average Exchange Rates  (PKR per National Currency)","TS_GP_ER_FAERPKR_M.E00220","Average PKR per USD","30-Sep-1956","4.7697","PKR","Normal",""
"Bank Floating Average Exchange Rates  (PKR per National Currency)","TS_GP_ER_FAERPKR_M.E00220","Average PKR per USD","31-Aug-1956","4.7697","PKR","Normal",""
"Bank Floating Average Exchange Rates  (PKR per National Currency)","TS_GP_ER_FAERPKR_M.E00220","Average PKR per USD","31-Jul-1956","4.7697","PKR","Normal",""
"Bank Floating Average Exchange Rates  (PKR per National Currency)","TS_GP_ER_FAERPKR_M.E00220","Average PKR per USD","30-Jun-1956","4.7697","PKR","Normal",""
"Bank Floating Average Exchange Rates  (PKR per National Currency)","TS_GP_ER_FAERPKR_M.E00220","Average PKR per USD","31-May-1956","4.7697","PKR","Normal",""
"Bank Floating Average Exchange Rates  (PKR per National Currency)","TS_GP_ER_FAERPKR_M.E00220","Average PKR per USD","30-Apr-1956","4.7697","PKR","Normal",""
"Bank Floating Average Exchange Rates  (PKR per National Currency)","TS_GP_ER_FAERPKR_M.E00220","Average PKR per USD","31-Mar-1956","4.7697","PKR","Normal",""
"Bank Floating Average Exchange Rates  (PKR per National Currency)","TS_GP_ER_FAERPKR_M.E00220","Average PKR per USD","29-Feb-1956","4.7697","PKR","Normal",""
"Bank Floating Average Exchange Rates  (PKR per National Currency)","TS_GP_ER_FAERPKR_M.E00220","Average PKR per USD","31-Jan-1956","4.7697","PKR","Normal",""
"Bank Floating Average Exchange Rates  (PKR per National Currency)","TS_GP_ER_FAERPKR_M.E00220","Average PKR per USD","31-Dec-1955","4.7697","PKR","Normal",""
"Bank Floating Average Exchange Rates  (PKR per National Currency)","TS_GP_ER_FAERPKR_M.E00220","Average PKR per USD","30-Nov-1955","4.7697","PKR","Normal",""
"Bank Floating Average Exchange Rates  (PKR per National Currency)","TS_GP_ER_FAERPKR_M.E00220","Average PKR per USD","31-Oct-1955","4.7697","PKR","Normal",""
"Bank Floating Average Exchange Rates  (PKR per National Currency)","TS_GP_ER_FAERPKR_M.E00220","Average PKR per USD","30-Sep-1955","4.7697","PKR","Normal",""
"Bank Floating Average Exchange Rates  (PKR per National Currency)","TS_GP_ER_FAERPKR_M.E00220","Average PKR per USD","31-Aug-1955","4.7697","PKR","Normal",""
"Bank Floating Average Exchange Rates  (PKR per National Currency)","TS_GP_ER_FAERPKR_M.E00220","Average PKR per USD","31-Jul-1955","3.30852","PKR","Normal",""
"Bank Floating Average Exchange Rates  (PKR per National Currency)","TS_GP_ER_FAERPKR_M.E00220","Average PKR per USD","30-Jun-1955","3.30852","PKR","Normal",""
"Bank Floating Average Exchange Rates  (PKR per National Currency)","TS_GP_ER_FAERPKR_M.E00220","Average PKR per USD","31-May-1955","3.30852","PKR","Normal",""
"Bank Floating Average Exchange Rates  (PKR per National Currency)","TS_GP_ER_FAERPKR_M.E00220","Average PKR per USD","30-Apr-1955","3.30852","PKR","Normal",""
"Bank Floating Average Exchange Rates  (PKR per National Currency)","TS_GP_ER_FAERPKR_M.E00220","Average PKR per USD","31-Mar-1955","3.30852","PKR","Normal",""
"Bank Floating Average Exchange Rates  (PKR per National Currency)","TS_GP_ER_FAERPKR_M.E00220","Average PKR per USD","28-Feb-1955","3.30852","PKR","Normal",""
"Bank Floating Average Exchange Rates  (PKR per National Currency)","TS_GP_ER_FAERPKR_M.E00220","Average PKR per USD","31-Jan-1955","3.30852","PKR","Normal",""
"Bank Floating Average Exchange Rates  (PKR per National Currency)","TS_GP_ER_FAERPKR_M.E00220","Average PKR per USD","31-Dec-1954","3.30852","PKR","Normal",""
"Bank Floating Average Exchange Rates  (PKR per National Currency)","TS_GP_ER_FAERPKR_M.E00220","Average PKR per USD","30-Nov-1954","3.30852","PKR","Normal",""
"Bank Floating Average Exchange Rates  (PKR per National Currency)","TS_GP_ER_FAERPKR_M.E00220","Average PKR per USD","31-Oct-1954","3.30852","PKR","Normal",""
"Bank Floating Average Exchange Rates  (PKR per National Currency)","TS_GP_ER_FAERPKR_M.E00220","Average PKR per USD","30-Sep-1954","3.30852","PKR","Normal",""
"Bank Floating Average Exchange Rates  (PKR per National Currency)","TS_GP_ER_FAERPKR_M.E00220","Average PKR per USD","31-Aug-1954","3.30852","PKR","Normal",""
"Bank Floating Average Exchange Rates  (PKR per National Currency)","TS_GP_ER_FAERPKR_M.E00220","Average PKR per USD","31-Jul-1954","3.30852","PKR","Normal",""
"Bank Floating Average Exchange Rates  (PKR per National Currency)","TS_GP_ER_FAERPKR_M.E00220","Average PKR per USD","30-Jun-1954","3.30852","PKR","Normal",""
"Bank Floating Average Exchange Rates  (PKR per National Currency)","TS_GP_ER_FAERPKR_M.E00220","Average PKR per USD","31-May-1954","3.30852","PKR","Normal",""
"Bank Floating Average Exchange Rates  (PKR per National Currency)","TS_GP_ER_FAERPKR_M.E00220","Average PKR per USD","30-Apr-1954","3.30852","PKR","Normal",""
"Bank Floating Average Exchange Rates  (PKR per National Currency)","TS_GP_ER_FAERPKR_M.E00220","Average PKR per USD","31-Mar-1954","3.30852","PKR","Normal",""
"Bank Floating Average Exchange Rates  (PKR per National Currency)","TS_GP_ER_FAERPKR_M.E00220","Average PKR per USD","28-Feb-1954","3.30852","PKR","Normal",""
"Bank Floating Average Exchange Rates  (PKR per National Currency)","TS_GP_ER_FAERPKR_M.E00220","Average PKR per USD","31-Jan-1954","3.30852","PKR","Normal",""
"Bank Floating Average Exchange Rates  (PKR per National Currency)","TS_GP_ER_FAERPKR_M.E00220","Average PKR per USD","31-Dec-1953","3.30852","PKR","Normal",""
"Bank Floating Average Exchange Rates  (PKR per National Currency)","TS_GP_ER_FAERPKR_M.E00220","Average PKR per USD","30-Nov-1953","3.30852","PKR","Normal",""
"Bank Floating Average Exchange Rates  (PKR per National Currency)","TS_GP_ER_FAERPKR_M.E00220","Average PKR per USD","31-Oct-1953","3.30852","PKR","Normal",""
"Bank Floating Average Exchange Rates  (PKR per National Currency)","TS_GP_ER_FAERPKR_M.E00220","Average PKR per USD","30-Sep-1953","3.30852","PKR","Normal",""
"Bank Floating Average Exchange Rates  (PKR per National Currency)","TS_GP_ER_FAERPKR_M.E00220","Average PKR per USD","31-Aug-1953","3.30852","PKR","Normal",""
"Bank Floating Average Exchange Rates  (PKR per National Currency)","TS_GP_ER_FAERPKR_M.E00220","Average PKR per USD","31-Jul-1953","3.30852","PKR","Normal",""
"Bank Floating Average Exchange Rates  (PKR per National Currency)","TS_GP_ER_FAERPKR_M.E00220","Average PKR per USD","30-Jun-1953","3.30852","PKR","Normal",""
"Bank Floating Average Exchange Rates  (PKR per National Currency)","TS_GP_ER_FAERPKR_M.E00220","Average PKR per USD","31-May-1953","3.30852","PKR","Normal",""
"Bank Floating Average Exchange Rates  (PKR per National Currency)","TS_GP_ER_FAERPKR_M.E00220","Average PKR per USD","30-Apr-1953","3.30852","PKR","Normal",""
"Bank Floating Average Exchange Rates  (PKR per National Currency)","TS_GP_ER_FAERPKR_M.E00220","Average PKR per USD","31-Mar-1953","3.30852","PKR","Normal",""
"Bank Floating Average Exchange Rates  (PKR per National Currency)","TS_GP_ER_FAERPKR_M.E00220","Average PKR per USD","28-Feb-1953","3.30852","PKR","Normal",""
"Bank Floating Average Exchange Rates  (PKR per National Currency)","TS_GP_ER_FAERPKR_M.E00220","Average PKR per USD","31-Jan-1953","3.30852","PKR","Normal",""
"Bank Floating Average Exchange Rates  (PKR per National Currency)","TS_GP_ER_FAERPKR_M.E00220","Average PKR per USD","31-Dec-1952","3.30852","PKR","Normal",""
"Bank Floating Average Exchange Rates  (PKR per National Currency)","TS_GP_ER_FAERPKR_M.E00220","Average PKR per USD","30-Nov-1952","3.30852","PKR","Normal",""
"Bank Floating Average Exchange Rates  (PKR per National Currency)","TS_GP_ER_FAERPKR_M.E00220","Average PKR per USD","31-Oct-1952","3.30852","PKR","Normal",""
"Bank Floating Average Exchange Rates  (PKR per National Currency)","TS_GP_ER_FAERPKR_M.E00220","Average PKR per USD","30-Sep-1952","3.30852","PKR","Normal",""
"Bank Floating Average Exchange Rates  (PKR per National Currency)","TS_GP_ER_FAERPKR_M.E00220","Average PKR per USD","31-Aug-1952","3.30852","PKR","Normal",""
"Bank Floating Average Exchange Rates  (PKR per National Currency)","TS_GP_ER_FAERPKR_M.E00220","Average PKR per USD","31-Jul-1952","3.30852","PKR","Normal",""
"Bank Floating Average Exchange Rates  (PKR per National Currency)","TS_GP_ER_FAERPKR_M.E00220","Average PKR per USD","30-Jun-1952","3.30852","PKR","Normal",""
"Bank Floating Average Exchange Rates  (PKR per National Currency)","TS_GP_ER_FAERPKR_M.E00220","Average PKR per USD","31-May-1952","3.30852","PKR","Normal",""
"Bank Floating Average Exchange Rates  (PKR per National Currency)","TS_GP_ER_FAERPKR_M.E00220","Average PKR per USD","30-Apr-1952","3.30852","PKR","Normal",""
"Bank Floating Average Exchange Rates  (PKR per National Currency)","TS_GP_ER_FAERPKR_M.E00220","Average PKR per USD","31-Mar-1952","3.30852","PKR","Normal",""
"Bank Floating Average Exchange Rates  (PKR per National Currency)","TS_GP_ER_FAERPKR_M.E00220","Average PKR per USD","29-Feb-1952","3.30852","PKR","Normal",""
"Bank Floating Average Exchange Rates  (PKR per National Currency)","TS_GP_ER_FAERPKR_M.E00220","Average PKR per USD","31-Jan-1952","3.30852","PKR","Normal",""
"Bank Floating Average Exchange Rates  (PKR per National Currency)","TS_GP_ER_FAERPKR_M.E00220","Average PKR per USD","31-Dec-1951","3.30852","PKR","Normal",""
"Bank Floating Average Exchange Rates  (PKR per National Currency)","TS_GP_ER_FAERPKR_M.E00220","Average PKR per USD","30-Nov-1951","3.30852","PKR","Normal",""
"Bank Floating Average Exchange Rates  (PKR per National Currency)","TS_GP_ER_FAERPKR_M.E00220","Average PKR per USD","31-Oct-1951","3.30852","PKR","Normal",""
"Bank Floating Average Exchange Rates  (PKR per National Currency)","TS_GP_ER_FAERPKR_M.E00220","Average PKR per USD","30-Sep-1951","3.30852","PKR","Normal",""
"Bank Floating Average Exchange Rates  (PKR per National Currency)","TS_GP_ER_FAERPKR_M.E00220","Average PKR per USD","31-Aug-1951","3.30852","PKR","Normal",""
"Bank Floating Average Exchange Rates  (PKR per National Currency)","TS_GP_ER_FAERPKR_M.E00220","Average PKR per USD","31-Jul-1951","3.30852","PKR","Normal",""
"Bank Floating Average Exchange Rates  (PKR per National Currency)","TS_GP_ER_FAERPKR_M.E00220","Average PKR per USD","30-Jun-1951","3.30852","PKR","Normal",""
"Bank Floating Average Exchange Rates  (PKR per National Currency)","TS_GP_ER_FAERPKR_M.E00220","Average PKR per USD","31-May-1951","3.30852","PKR","Normal",""
"Bank Floating Average Exchange Rates  (PKR per National Currency)","TS_GP_ER_FAERPKR_M.E00220","Average PKR per USD","30-Apr-1951","3.30852","PKR","Normal",""
"Bank Floating Average Exchange Rates  (PKR per National Currency)","TS_GP_ER_FAERPKR_M.E00220","Average PKR per USD","31-Mar-1951","3.30852","PKR","Normal",""
"Bank Floating Average Exchange Rates  (PKR per National Currency)","TS_GP_ER_FAERPKR_M.E00220","Average PKR per USD","28-Feb-1951","3.30852","PKR","Normal",""
"Bank Floating Average Exchange Rates  (PKR per National Currency)","TS_GP_ER_FAERPKR_M.E00220","Average PKR per USD","31-Jan-1951","3.30852","PKR","Normal",""
"Bank Floating Average Exchange Rates  (PKR per National Currency)","TS_GP_ER_FAERPKR_M.E00220","Average PKR per USD","31-Dec-1950","3.30852","PKR","Normal",""
"Bank Floating Average Exchange Rates  (PKR per National Currency)","TS_GP_ER_FAERPKR_M.E00220","Average PKR per USD","30-Nov-1950","3.30852","PKR","Normal",""
"Bank Floating Average Exchange Rates  (PKR per National Currency)","TS_GP_ER_FAERPKR_M.E00220","Average PKR per USD","31-Oct-1950","3.30852","PKR","Normal",""
"Bank Floating Average Exchange Rates  (PKR per National Currency)","TS_GP_ER_FAERPKR_M.E00220","Average PKR per USD","30-Sep-1950","3.30852","PKR","Normal",""
"Bank Floating Average Exchange Rates  (PKR per National Currency)","TS_GP_ER_FAERPKR_M.E00220","Average PKR per USD","31-Aug-1950","3.30852","PKR","Normal",""
"Bank Floating Average Exchange Rates  (PKR per National Currency)","TS_GP_ER_FAERPKR_M.E00220","Average PKR per USD","31-Jul-1950","3.30852","PKR","Normal",""
"Bank Floating Average Exchange Rates  (PKR per National Currency)","TS_GP_ER_FAERPKR_M.E00220","Average PKR per USD","30-Jun-1950","3.30852","PKR","Normal",""
"Bank Floating Average Exchange Rates  (PKR per National Currency)","TS_GP_ER_FAERPKR_M.E00220","Average PKR per USD","31-May-1950","3.30852","PKR","Normal",""
"Bank Floating Average Exchange Rates  (PKR per National Currency)","TS_GP_ER_FAERPKR_M.E00220","Average PKR per USD","30-Apr-1950","3.30852","PKR","Normal",""
"Bank Floating Average Exchange Rates  (PKR per National Currency)","TS_GP_ER_FAERPKR_M.E00220","Average PKR per USD","31-Mar-1950","3.30852","PKR","Normal",""
"Bank Floating Average Exchange Rates  (PKR per National Currency)","TS_GP_ER_FAERPKR_M.E00220","Average PKR per USD","28-Feb-1950","3.30852","PKR","Normal",""
"Bank Floating Average Exchange Rates  (PKR per National Currency)","TS_GP_ER_FAERPKR_M.E00220","Average PKR per USD","31-Jan-1950","3.30852","PKR","Normal",""
"Bank Floating Average Exchange Rates  (PKR per National Currency)","TS_GP_ER_FAERPKR_M.E00220","Average PKR per USD","31-Dec-1949","3.30852","PKR","Normal",""
"Bank Floating Average Exchange Rates  (PKR per National Currency)","TS_GP_ER_FAERPKR_M.E00220","Average PKR per USD","30-Nov-1949","3.30852","PKR","Normal",""
"Bank Floating Average Exchange Rates  (PKR per National Currency)","TS_GP_ER_FAERPKR_M.E00220","Average PKR per USD","31-Oct-1949","3.30852","PKR","Normal",""
"Bank Floating Average Exchange Rates  (PKR per National Currency)","TS_GP_ER_FAERPKR_M.E00220","Average PKR per USD","30-Sep-1949","3.30852","PKR","Normal",""
"Bank Floating Average Exchange Rates  (PKR per National Currency)","TS_GP_ER_FAERPKR_M.E00220","Average PKR per USD","31-Aug-1949","3.30852","PKR","Normal",""
"Bank Floating Average Exchange Rates  (PKR per National Currency)","TS_GP_ER_FAERPKR_M.E00220","Average PKR per USD","31-Jul-1949","3.30852","PKR","Normal",""
"Bank Floating Average Exchange Rates  (PKR per National Currency)","TS_GP_ER_FAERPKR_M.E00220","Average PKR per USD","30-Jun-1949","3.30852","PKR","Normal",""
"Bank Floating Average Exchange Rates  (PKR per National Currency)","TS_GP_ER_FAERPKR_M.E00220","Average PKR per USD","31-May-1949","3.30852","PKR","Normal",""
"Bank Floating Average Exchange Rates  (PKR per National Currency)","TS_GP_ER_FAERPKR_M.E00220","Average PKR per USD","30-Apr-1949","3.30852","PKR","Normal",""
"Bank Floating Average Exchange Rates  (PKR per National Currency)","TS_GP_ER_FAERPKR_M.E00220","Average PKR per USD","31-Mar-1949","3.30852","PKR","Normal",""
"Bank Floating Average Exchange Rates  (PKR per National Currency)","TS_GP_ER_FAERPKR_M.E00220","Average PKR per USD","28-Feb-1949","3.30852","PKR","Normal",""
"Bank Floating Average Exchange Rates  (PKR per National Currency)","TS_GP_ER_FAERPKR_M.E00220","Average PKR per USD","31-Jan-1949","3.30852","PKR","Normal",""
"Bank Floating Average Exchange Rates  (PKR per National Currency)","TS_GP_ER_FAERPKR_M.E00220","Average PKR per USD","31-Dec-1948","3.30852","PKR","Normal",""
"Bank Floating Average Exchange Rates  (PKR per National Currency)","TS_GP_ER_FAERPKR_M.E00220","Average PKR per USD","30-Nov-1948","3.30852","PKR","Normal",""
"Bank Floating Average Exchange Rates  (PKR per National Currency)","TS_GP_ER_FAERPKR_M.E00220","Average PKR per USD","31-Oct-1948","3.30852","PKR","Normal",""
"Bank Floating Average Exchange Rates  (PKR per National Currency)","TS_GP_ER_FAERPKR_M.E00220","Average PKR per USD","30-Sep-1948","3.30852","PKR","Normal",""
"Bank Floating Average Exchange Rates  (PKR per National Currency)","TS_GP_ER_FAERPKR_M.E00220","Average PKR per USD","31-Aug-1948","3.30852","PKR","Normal",""
"Bank Floating Average Exchange Rates  (PKR per National Currency)","TS_GP_ER_FAERPKR_M.E00220","Average PKR per USD","31-Jul-1948","3.30852","PKR","Normal",""
"Bank Floating Average Exchange Rates  (PKR per National Currency)","TS_GP_ER_FAERPKR_M.E00220","Average PKR per USD","30-Jun-1948","3.30852","PKR","Normal",""
"Bank Floating Average Exchange Rates  (PKR per National Currency)","TS_GP_ER_FAERPKR_M.E00220","Average PKR per USD","31-May-1948","3.30852","PKR","Normal",""
"Bank Floating Average Exchange Rates  (PKR per National Currency)","TS_GP_ER_FAERPKR_M.E00220","Average PKR per USD","30-Apr-1948","3.30852","PKR","Normal",""
"Bank Floating Average Exchange Rates  (PKR per National Currency)","TS_GP_ER_FAERPKR_M.E00220","Average PKR per USD","31-Mar-1948","3.30852","PKR","Normal",""
"Bank Floating Average Exchange Rates  (PKR per National Currency)","TS_GP_ER_FAERPKR_M.E00220","Average PKR per USD","29-Feb-1948","3.30852","PKR","Normal",""
"Bank Floating Average Exchange Rates  (PKR per National Currency)","TS_GP_ER_FAERPKR_M.E00220","Average PKR per USD","31-Jan-1948","3.30852","PKR","Normal",""
"Bank Floating Average Exchange Rates  (PKR per National Currency)","TS_GP_ER_FAERPKR_M.E00220","Average PKR per USD","31-Dec-1947","3.30852","PKR","Normal",""
"Bank Floating Average Exchange Rates  (PKR per National Currency)","TS_GP_ER_FAERPKR_M.E00220","Average PKR per USD","30-Nov-1947","3.30852","PKR","Normal",""
"Bank Floating Average Exchange Rates  (PKR per National Currency)","TS_GP_ER_FAERPKR_M.E00220","Average PKR per USD","31-Oct-1947","3.30852","PKR","Normal",""
"Bank Floating Average Exchange Rates  (PKR per National Currency)","TS_GP_ER_FAERPKR_M.E00220","Average PKR per USD","30-Sep-1947","3.30852","PKR","Normal",""
"Bank Floating Average Exchange Rates  (PKR per National Currency)","TS_GP_ER_FAERPKR_M.E00220","Average PKR per USD","31-Aug-1947","3.30852","PKR","Normal",""
